ID de fiche d'informations;Nom de l'entreprise;Ville;Code postal;Adresse postale;DÃ©partement (new);Groupement Entreprise (E)
2919300608;FR_PH_53400 _ Pharmacie Craon Sante Service;CRAON;53400;10 RUE NEUVE;53;PHARMACTIV
2920072712;FR_PH_72120 _ Pharmacie Rodriguez Grasseau;ST CALAIS;72120;38 GRANDE RUE;72;APOTHERA
2919644675;FR_PH_35360 _ Pharmacie Delys;MEDREAC;35360;15 RUE CENTRALE;35;GIPHAR
2920535574;FR_PH_35136 _ Pharmacie Croix Verte Le Coz;ST JACQUES DE LA LANDE;35136;290 RUE DE NANTES;35;CO&PHARM
2920535576;FR_PH_35132 _ Pharmacie Jaouen;VEZIN LE COQUET;35132;18 RUE DE MONTFORT;35;CO&PHARM
2920082945;FR_PH_72130 _ Pharmacie Des Alpes Mancelles;FRESNAY SUR SARTHE;72130;50 RUE DE L ABBE LELIEVRE;72;RESEAU SANTE
2919300628;FR_PH_72650 _ Pharmacie de la milesse - granet;LA MILESSE;72650;1 RUE DU MANS;72;COOPERATIVE OBJECTIF SANTE
2920535558;FR_PH_50800 _ Pharmacie Lamoureux;VILLEDIEU LES POELES ROUFFIGNY;50800;1 PLACE DE LA REPUBLIQUE;50;LAB'OFFICINE
2919323162;FR_PH_35120 _ Pharmacie De La Baie;HIREL;35120;73 GRANDE RUE;35;CO&PHARM
2919630362;FR_PH_72360 _ Pharmacie De La Grande Rue;MAYET;72360;2 GRANDE RUE;72;CO&PHARM
4146126592;FR_PH_35290 _ Pharmacie De Gael;GAEL;35290;19 RUE CROIX DE LA CHESNAIE;35;CO&PHARM
2920091180;FR_PH_61140 _ Pharmacie Hairie;RIVES D ANDAINE;61140;22 RUE DE DOMFRONT;61;PHR
2920072750;FR_PH_35740 _ Pharmacie Opera;PACE;35740;CENTRE COMMERCIAL OPERA;35;RESEAU SANTE
2920091175;FR_PH_72510 _ Pharmacie Duchene;MANSIGNE;72510;13 RUE PRINCIPALE;72;PYXIS PHARMA
2920535615;FR_PH_72220 _ Pharmacie Mesmin-Cordeboeuf;ST GERVAIS EN BELIN;72220;;72;PAS DE GROUPEMENT
2919630390;FR_PH_72330 _ Pharmacie Babault - Leroyer;CERANS FOULLETOURTE;72330;78 RUE NATIONALE;72;TOTUM
2920535584;FR_PH_50720 _ Eurl Lebret;BARENTON;50720;LE BOURG JOUBIN;50;VIADYS
2920091193;FR_PH_35134 _ Pharmacie Guivarc H;COESMES;35134;6 IMPASSE DES ARDOISIERES;35;APOTHERA
2920519207;FR_PH_35400 _ Pharmacie De Rotheneuf;ST MALO;35400;12 RUE ABBE FOURE;35;RESEAU SANTE
2920535591;FR_PH_50300 _ Pharmacie Des M;AVRANCHES;50300;8 BOULEVARD DU LUXEMBOURG;50;LA CENTRALE
2919624243;FR_PH_35000 _ Pharmacie Oberthur;RENNES;35000;92 RUE DE PARIS;35;PHARMACTIV
2920560163;FR_PH_53200 _ Selarl Pharmacie La Motte;CHATEAU GONTIER;53200;5 AV ERIC TABARLY;53;CO&PHARM
2920535599;FR_PH_50660 _ Pharmacie Ollivier;QUETTREVILLE SUR SIENNE;50660;17 C RUE DU MONT SAINT MICHEL;50;LA CENTRALE
2919644740;FR_PH_35400 _ Pharmacie De La Gare;ST MALO;35400;37 AVENUE JEAN JAURES;35;APRIUM
2919644741;FR_PH_35400 _ Pharmacie De La Cathedrale;ST MALO;35400;4 RUE POURPRIS;35;CO&PHARM
2920064591;FR_PH_50350 _ Pharmacie Pomme (50350);DONVILLE LES BAINS;50350;56 ROUTE DE COUTANCES;50;PAS DE GROUPEMENT
2919300682;FR_PH_72600 _ Pharmacie Du Theatre;MAMERS;72600;8 PLACE DE LA REPUBLIQUE;72;ALPHEGA
2920072774;FR_PH_35590 _ Pharmacie Saint Gilles;ST GILLES;35590;37 RUE DE RENNES;35;CO&PHARM
2919300685;FR_PH_72190 _ Pharmacie Clerc;NEUVILLE SUR SARTHE;72190;2 RUE DU PETIT PONT;72;CO&PHARM
4145162051;FR_PH_35360 _ Pharmacie de Broceliande - Thebault;MONTAUBAN DE BRETAGNE;35360;52 RUE DE RENNES;35;CEIDO
2919624272;FR_PH_35700 _ Pharmacie De Maurepas;RENNES;35700;175 RUE DE FOUGERES;35;CO&PHARM
2920072789;FR_PH_35450 _ Pharmacie Du Changeon;LIVRE SUR CHANGEON;35450;6 RESIDENCE DU CLOS HAMELIN;35;RESEAU SANTE
2920083031;FR_PH_72130 _ Pharmacie De La Source;SOUGE LE GANELON;72130;LIEU DIT MORTEFONTAINE;72;PYXIS PHARMA
2919644762;FR_PH_35420 _ Pharmacie Bureau (Saint-Georges-de-Reintembault);ST GEORGES DE REINTEMBAULT;35420;CC UNICO, 51 Rue Jean Janvier, Place Alexandre Dubois, ;35;GIPHAR
2919624282;FR_PH_50110 _ Pharmacie De La Place;CHERBOURG EN COTENTIN;50110;40 RUE DU GENERAL DE GAULLE;50;LES PHARMACIENS REUNIS
2920091218;FR_PH_53380 _ Pharmacie Joye;JUVIGNE;53380;16 RUE DE LA CROIXILLE;53;GIPHAR
2919624289;FR_PH_50580 _ Pharmacie Du Havre;PORT BAIL SUR MER;50580;50 RUE PHILIPPE LEBEL;50;GIROPHARM
2920064612;Pharmacie Centrale Francaise Anglaise_DINARD;DINARD;35800;15 BOULEVARD FEART;35;PHARMAVIE
2919644781;FR_PH_53500 _ Pharmacie La Hainaud;ERNEE;53500;31,33 ROUTE DE LAVAL;53;CO&PHARM
2920535679;FR_PH_35600 _ Pharmacie Moyon;STE MARIE;35600;8 RUE DU 15 JANVIER 1872;35;DEPHIE
2920072802;FR_PH_35000 _ Pharmacie Saint Germain;RENNES;35000;2 RUE EDITH CAVELL;35;GIROPHARM
2919644786;FR_PH_35135 _ Pharmacie Des Marelles;CHANTEPIE;35135;2 PLACE DES MARELLES;35;PYXIS PHARMA
2919589488;FR_PH_50400 _ Pharmacie Centrale;GRANVILLE;50400;47 RUE LECAMPION;50;PHR
2920549987;FR_PH_50000 _ Pharmacie Des Remparts;ST LO;50000;1 RUE DE VILLEDIEU;50;PHARMODEL
8881854739;FR_PH_61400 _ Pharmacie De La Basilique;LA CHAPELLE MONTLIGEON;61400;16 RUE PRINCIPALE;61;KATALYS
2920091251;FR_PH_35310 _ Pharmacie Hody Le Paih;MORDELLES;35310;32 B AVENUE MARECHAL LECLERC;35;DEPHIE
2920535661;FR_PH_50510 _ Pharmacie Letourneur;CERENCES;50510;4 RUE PRINCIPALE;50;GIROPHARM
2920083059;FR_PH_61200 _ Pharmacie Du Griffon;ARGENTAN;61200;23 PLACE HENRI IV;61;PHR
2920535699;FR_PH_35000 _ Pharmacie Queguiner Leheup;RENNES;35000;196 RUE DE ST MALO;35;CO&PHARM
2939338673;FR_MA_50590 _ Mairie De Montmartin-Sur-Mer;montmartin-sur-mer;50590;1 place Pierre Pigaux;50;LAB'OFFICINE
2920083080;FR_PH_72600 _ Pharmacie Mailliart;MAMERS;72600;20 PLACE CARNOT;72;PHARMA M
2920083074;FR_PH_53000 _ Pharmacie Legault;LAVAL;53000;8 RUE DU PREFET BONNEFOY;53;VIADYS
2919300751;FR_PH_72100 _ Pharmacie Du Miroir;LE MANS;72100;18 AVENUE HENRI LEFEUVRE;72;PAS DE GROUPEMENT
2920535682;FR_PH_61370 _ Pharmacie Morruzzi;STE GAUBURGE STE COLOMBE;61370;27 GRANDE RUE;61;PHR
2920072863;FR_PH_61170 _ Pharmacie Tremblin;LE MELE SUR SARTHE;61170;106 GRANDE RUE;61;EVOLUPHARM
2920072878;FR_PH_35400 _ Pharmacie Danibert Vautier;ST MALO;35400;54 RUE GEORGES CLEMENCEAU;35;GIPHAR
2919589537;FR_PH_72500 _ Pharmacie Vedaquaise;VAAS;72500;48 RUE ANATOLE CARRÃ‰;72;CO&PHARM
2919642785;FR_PH_72700 _ Pharmacie Du Mail (Allonnes);ALLONNES;72700;COURS MOZART;72;GROUPEMENT LAFAYETTE
2919300778;FR_PH_53940 _ Pharmacie Du Parc;ST BERTHEVIN;53940;49 AVENUE GENERAL DE GAULLE;53;PHR
2919589551;FR_PH_35200 _ Pharmacie Bel Air;RENNES;35200;113 B RUE DE VERN;35;PHARMAREM
2920091303;FR_PH_50450 _ Pharmacie De Gavray;GAVRAY SUR SIENNE;50450;77 PLACE DU DOCTEUR BECK;50;PHARMACTIV
2920578750;FR_PH_53410 _ Pharmacie Bourdiel;ST PIERRE LA COUR;53410;1 PLACE DES CYPRES;53;RESEAU SANTE
2920578751;FR_PH_35700 _ Selarl Pharmacie Des Remparts;RENNES;35700;CENTRE CIAL DU GROS CHENE;35;PHARMACTIV
2920072867;FR_PH_53000 _ Pharmacie Waymel;LAVAL;53000;11 PLACE JEAN MOULIN;53;UNIVERS PHARMACIE
2920072894;FR_PH_35500 _ Pharmacie Bourdais Rochard;VITRE;35500;1 RUE DE DOMALAIN;35;RESEAU SANTE
2920091326;FR_PH_50110 _ Pharmacie De Pont Marais;CHERBOURG EN COTENTIN;50110;RUE DE LA FONDERIE;50;PHR
2920535719;FR_PH_50150 _ Pharmacie Pharm Et Price;SOURDEVAL;50150;18 PLACE CHARLES DE GAULLE;50;UNIVERS PHARMACIE
2920550061;FR_PH_35470 _ Pharmacie Ely;BAIN DE BRETAGNE;35470;27 RUE DES ESTUAIRES;35;RESEAU SANTE
2920550166;FR_PH_35510 _ Pharmacie Lebret Marie;CESSON SEVIGNE;35510;RUE DE BELLE EPINE;35;RESEAU SANTE
2920558359;FR_PH_50300 _ Pharmacie Des Manuscrits;AVRANCHES;50300;41 B RUE DIVISION LECLERC;50;LEADER SANTE
2920083209;FR_PH_53000 _ Pharmacie Laval Murat;LAVAL;53000;PLACE DE METTMANN;53;LE GALL SANTE SERVICES
2920535830;FR_PH_61120 _ Pharmacie Toutain;VIMOUTIERS;61120;BOULEVARD DENTU;61;SYMPLY PHARMA
4145217047;FR_PH_72170 _ Pharmacie Lavallee;BEAUMONT SUR SARTHE;72170;4 PLACE DE LA LIBERATION;72;PHARMAREM
2919573251;FR_PH_35960 _ Pharmacie Binet;LE VIVIER SUR MER;35960;58 RUE DE DOL;35;PAS DE GROUPEMENT
2920550172;FR_PH_35400 _ Pharmacie Du Mouchoir Vert;ST MALO;35400;85 RUE DE LA MARNE;35;RESEAU SANTE
2920535834;FR_PH_61110 _ Pharmacie Des Sablons;SABLONS SUR HUISNE;61110;13 PLACE DU GENERAL DE GAULLE;61;LA CENTRALE
2920083203;FR_PH_72380 _ Pharmacie Ste Jamme Sur Sarthe;STE JAMME SUR SARTHE;72380;ZONE ARTISANALE PRAIRIE MOULINS;72;ALPHEGA
3977303040;FR_PH_35490 _ Pharmasens;SENS DE BRETAGNE;35490;18 PLACE DE LA MAIRIE;35;CO&PHARM
2920558342;FR_PH_72270 _ Pharmacie Le Guen;MALICORNE SUR SARTHE;72270;2 RUE GAMBETTA;72;PHR
2920064799;FR_PH_35260 _ Pharmacie Rollin;CANCALE;35260;2 RUE DU GENERAL LECLERC;35;CO&PHARM
2920550144;FR_PH_72000 _ Pharmacie De La Mission;LE MANS;72000;200 RUE NATIONALE;72;GIROPHARM
2919266072;FR_PH_35210 _ Pharmacie Du Vendelais;CHATILLON-VENDELAIS;35210;2 RUE DE BRETAGNE;35;CO&PHARM
2919266073;FR_PH_35850 _ Pharmacie Billon Heleux;ROMILLE;35850;14 RUE DE PERRONAY;35;DEPHIE
2920091412;FR_PH_35320 _ Pharmacie Renoux;CREVIN;35320;;35;PAS DE GROUPEMENT
2920083246;FR_PH_72200 _ Pharmacie Gerard;LA FLECHE;72200;84 B RUE DE LA MAGDELEINE;72;PHARMACTIV
2920550207;FR_PH_35160 _ Pharmacie Saint Nicolas;MONTFORT SUR MEU;35160;2 RUE DE L HORLOGE;35;APOTHERA
2919266092;FR_PH_50540 _ Pharmacie Adam Pierre;ISIGNY LE BUAT;50540;11 RUE DE PAIN D AVAINE;50;PHARMA 10
4145217084;FR_PH_35650 _ Pharmacie Des Genets;LE RHEU;35650;18 RUE JEAN CHATEL;35;CO&PHARM
2920109858;FR_PH_50220 _ Pharmacie Centrale;DUCEY LES CHERIS;50220;43 GRANDE RUE;50;PHARMAVIE
2919630644;FR_PH_35300 _ Pharmacie Des Orieres;FOUGERES;35300;1 RUE DES FRANCAIS LIBRES;35;CO&PHARM
2920109880;FR_PH_35300 _ Eurl Pharmacie Coudray - Nom;FOUGERES;35300;7 PLACE ARISTIDE BRIAND;35;RESEAU SANTE
2920550178;FR_PH_72220 _ Pharmacie Marine;ECOMMOY;72220;ROUTE DU MANS;72;OBJECTIF PHARMA
2919573298;FR_PH_35200 _ Pharmacie Clemenceau;RENNES;35000;117 BVD G. CLEMENCEAU;35;CO&PHARM
2919573310;FR_PH_35580 _ Pharmacie Clech;GUICHEN;35580;RUE LOUIS AMPERE;35;BRETAGNE SANTE REFERENCE
2919573305;FR_PH_35000 _ Pharmacie Colombia;RENNES;35000;CENTRE COMMERCIAL COLOMBIA;35;GROUPEMENT LAFAYETTE
3877813790;FR_PH_61000 _ Pharmacie Saint Leonard;ALENCON;61000;119 GRANDE RUE;61;LA CENTRALE
2920064817;FR_PH_50000 _ Pharmacie Du Centre;ST LO;50000;5 RUE HAVIN;50;APSARA
2919589701;FR_PH_50750 _ Pharmacie Desert;BOURGVALLEES;50750;35 RUE DES IFS;50;GIROPHARM
2920083278;FR_PH_72240 _ Pharmacie Mammiferi Tapon;CONLIE;72240;38 BIS ROUTE DU MANS;72;CO&PHARM
2920091471;FR_PH_53140 _ Pharmacie Bourbon;PRE EN PAIL ST SAMSON;53140;164 RUE ARISTIDE BRIAND;53;PHR
2920535889;FR_PH_35420 _ Pharmacie Roc;LOUVIGNE DU DESERT;35420;26 PLACE CHARLES DE GAULLE;35;GIPHAR
2919323461;FR_PH_72220 _ Pharmacie Lenoble;LAIGNE EN BELIN;72220;3 PLACE SAINT MARTIN;72;PYXIS PHARMA
2920085323;FR_PH_50170 _ Pharmacie Pont D Orson;PONTORSON;50170;5 PLACE DE L HOTEL DE VILLE;50;PHR
2920085319;FR_PH_72230 _ Pharmacie Le Coz;ARNAGE;72230;136 AVENUE NATIONALE;72;PHR
2919589704;FR_PH_35470 _ Pharmacie Tchonlafi;PLECHATEL;35470;2 RUE DE LA BOULAIS;35;CO&PHARM
2920578907;FR_PH_35133 _ Pharmacie MÃ©lodie;LANDEAN;35133;12 BIS RUE VICTOR HUGO;35;CO&PHARM
2919266131;FR_PH_35460 _ Pharmacie De La Croix Verte;VAL-COUESNON;35460;13 RUE DE RENNES;35;CO&PHARM
2919323477;FR_PH_72300 _ Pharmacie Rondeau Veron;SOLESMES;72300;19 RUE MARCHANDE;72;CO&PHARM
2919630674;FR_PH_72700 _ Propharmacie Pelisse Laurent;COLOMBIER LE JEUNE;72700;;72;PAS DE GROUPEMENT
2920109915;FR_PH_72800 _ Pharmacie Bois;LUCHE PRINGE;72800;6 RUE PASTEUR;72;CO&PHARM
2919323481;FR_PH_35610 _ Pharmacie De Pleine Fougeres;PLEINE FOUGERES;35610;3 PLACE CHATEAUBRIAND;35;LAB'OFFICINE
2920072881;FR_PH_35136 _ Pharmacie De La Morinais;ST JACQUES DE LA LANDE;35136;7 COURS CAMILLE CLAUDEL;35;CO&PHARM
2920064691;FR_PH_35133 _ Pole De Sante/ Maison De Sante De Fougeres Sud;LA CHAPELLE JANSON;35133;;35;PAS DE GROUPEMENT
2920064717;FR_PH_35000 _ Pharmacie Du Chapitre;RENNES;35000;1 RUE DU CHAPITRE;35;RESEAU SANTE
3877812192;FR_PH_72450 _ Pharmacie Serdot;LOMBRON;72450;39 RUE DE TORCE;72;CO&PHARM
2919624385;FR_PH_50730 _ Pharmacie Le Poultier;ST HILAIRE DU HARCOUET;50730;8 RUE DES BOURRELIERS;50;APOTHERA
2920535764;FR_PH_35000 _ Pharmacie Mabilais;RENNES;35000;19 RUE DE REDON;35;RESEAU SANTE
2920072901;FR_PH_35000 _ Pharmacie Anatole France;RENNES;35000;49 BOULEVARD DE VERDUN;35;RESEAU SANTE
2920550109;FR_PH_35250 _ Pharmacie Du Pays D Aubigne;ST AUBIN D'AUBIGNE;35250;3 PLACE SIMONE VEIL;35;CO&PHARM
2920072897;FR_PH_35310 _ Snc Pharmacie Guennec Martineau;BREAL SOUS MONTFORT;35310;CENTRE COMMERCIAL CARREFOUR MARKET;35;SOGIPHAR
2920535773;FR_PH_72270 _ Pharmacie Kassian;MEZERAY;72270;2 ALLEE JACQUES PREVERT;72;CO&PHARM
2920064733;FR_PH_35200 _ Selarl Pharmacie Pailheret -;RENNES;35200;1 AVENUE PROSPER MERIMEE CC LE MERLAN;35;TOTUM
2920072922;FR_PH_50630 _ Pharmacie Du Vaupreux;QUETTEHOU;50630;PLACE CLEMENCEAU;50;GIROPHARM
2920550082;FR_PH_50200 _ Pharmacie Ruche;COUTANCES;50200;48 AVENUE DE LA REPUBLIQUE;50;PHR
2920550092;FR_PH_35137 _ Pharmacie Le Corguille;PLEUMELEUC;35137;9 RUE PASTEUR;35;RESEAU SANTE
4789964120;FR_PH_53250 _ Pharmacie De Javron;JAVRON LES CHAPELLES;53250;106 GRANDE RUE;53;RESEAU SANTE
2920091374;FR_PH_53360 _ Pharmacie MONIER LE BOUCHER (Quelaines-Saint-Gault);QUELAINES ST GAULT;53360;6 RUE DU GENERAL FOUCHER;53;PHR
2919642850;FR_PH_72000 _ Pharmacie De La Chasse Royale;LE MANS;72000;87 AVENUE LOUIS CORDELET;72;GROUPEMENT LAFAYETTE
2920072936;FR_PH_50550 _ Pharmacie Vauban;ST VAAST LA HOUGUE;50550;7 RUE DE CHOISY;50;PHR
2919589600;FR_PH_35700 _ Pharmacie De La Bellangerais;RENNES;35700;AVENUE DES MONTS D ARREE;35;PHARMACTIV
2919573219;FR_PH_50210 _ Pharmacie Wala Candon;RONCEY;50210;15 RUE DE LA LIBERTE;50;GIROPHARM
2920064740;FR_PH_50360 _ Pharmacie De La Douve;PICAUVILLE;50360;13 RUE DE LA MARNE;50;APSARA
2919624426;Pharmacie de la BRETONNIERE_ cancale_35260;CANCALE;35260;LA BRETONNIERE;35;PHARMACTIV
2919300849;FR_PH_72400_Pharmacie Du Conti (72400);LA FERTE BERNARD;72400;6 RUE DU 4 SEPTEMBRE;72;CO&PHARM
2919589620;FR_PH_53540 _ Pharmacie Du Maine;CUILLE;53540;32 RUE DU MAINE;53;SOPHAREF
2920091391;FR_PH_53300 _ Pharmacie Notre Dame;AMBRIERES LES VALLEES;53300;8 RUE NOTRE DAME;53;RESEAU SANTE
2920064763;FR_PH_50850 _ Pharmacie Binet;GER;50850;1 RUE CLAUDE CHAPPE;50;VIADYS
2920535791;FR_PH_35580 _ Pharmacie Pierre;BAULON;35580;9 RUE DE LASSY;35;GIPHAR
2919589724;FR_PH_53300 _ Pharmacie Dumoulin;AMBRIERES LES VALLEES;53300;22 RUE G LE CONQUERANT;53;CO&PHARM
2920064848;FR_PH_35890 _ Pharmacie De Bourg Des Comptes;BOURG DES COMPTES;35890;29 RUE DE LA GARE;35;GIPHAR
2920116049;FR_PH_35830 _ Pharmacie Beaugendre;BETTON;35830;2 RUE DR LAENNEC;35;CO&PHARM
2920550218;FR_PH_35120 _ Pharmacie Des Polders;ST BROLADRE;35120;16 RUE DE LA BOUSSAQUIERE;35;LAB'OFFICINE
2920116050;FR_PH_35310 _ Pharmacie Layachi;MORDELLES;35310;4 PLACE DES MULETIERS;35;CO&PHARM
2920091502;FR_PH_35000 _ Pharmacie Pascal;RENNES;35000;2 AVENUE JEAN JANVIER;35;PYXIS PHARMA
2919630688;FR_PH_50500 _ Pharmacie Du Chateau;CARENTAN LES MARAIS;50500;16 RUE DU CHATEAU;50;PHR
2920578930;FR_PH_35000 _ Pharmacie Metro Jacques Cartier (Rennes);RENNES;35000;104 RUE DE L ALMA;35;CO&PHARM
2919642977;FR_PH_72470 _ Pharmacie De Saint Mars;ST MARS LA BRIERE;72470;22 RUE DE PARIS;72;GIPHAR
2920064869;FR_PH_50760 _ Pharmacie De Barfleur (Barfleur);BARFLEUR;50760;49 RUE SAINT THOMAS BECKET;50;NORMANDIE PHARMA
2920550270;FR_PH_35300 _ Pharmacie Du Croissant;FOUGERES;35300;25 AV F.MITTERRAND;35;CO&PHARM
2920085345;FR_PH_61300 _ Pharmacie De La Foux;GRASSE;61300;1 PLACE MAXIMIN ISNARD;61;APP SUD
2919573355;FR_PH_50100 _ Pharmacie De La Marine;CHERBOURG EN COTENTIN;50100;7 RUE EMMANUEL LIAIS;50;PHR
2920109923;FR_PH_72220 _ Pharmacie Benoist;ST MARS D OUTILLE;72220;5 RUE GAMBETTA;72;CO&PHARM
2920578938;FR_PH_50290 _ Pharmacie Patin;BREHAL;50290;10 RUE DU GENERAL DE GAULLE;50;PYXIS PHARMA
2919624564;FR_PH_53300 _ Pharmacie 1350;ST CHAFFREY;53300;ALLEE DES BOUTIQUES;53;DECAROLI
2920578917;FR_PH_53200_ Pharmacie de Chemaze;CHEMAZE;53200;1 B RUE DE BEL AIR;53;OBJECTIF PHARMA
2919589751;FR_PH_50110 _ Pharmacie Du Becquet;DIGOSVILLE;50110;2 ROUTE DE DENNEVILLE;50;APSARA
2920116095;FR_PH_35300 _ Pharmacie Bouslama Y.;FOUGERES;35300;6 BOULEVARD DU MARECHAL LECLERC;35;PAS DE GROUPEMENT
2920116094;FR_PH_61130 _ Pharmacie Penchet;BELLEME;61130;4 RUE BOUCICAUT;61;ALPHEGA
2920558439;FR_PH_53100 _ Pharmacie De La Motte;MAYENNE;53100;550 BD JEAN MONNET;53;CO&PHARM
2919624561;FR_PH_72400 _ Pharmacie Coutable;LA FERTE BERNARD;72400;6 RUE CARNOT;72;GIPHAR
2920091515;FR_PH_35000 _ Pharmaciea  Gautier;RENNES;35000;;35;PAS DE GROUPEMENT
2919624562;FR_PH_72210 _ Pharmacie Du Val De Sarthe;LA SUZE SUR SARTHE;72210;ROUTE DU MANS;72;CO&PHARM
2920064884;FR_PH_35560 _ Pharmacie De La Republique;VAL COUESNON;35560;4 BOULEVARD DE LA REPUBLIQUE;35;PHR
2920550253;FR_PH_35620 _ Pharmacie Du Muguet;ERCE EN LAMEE;35620;1 RUE DU MUGUET;35;ALPHEGA
2920091507;FR_PH_50100 _ Pharmacie Schuman;CHERBOURG EN COTENTIN;50100;43 BOULEVARD SCHUMAN;50;PAS DE GROUPEMENT
2919266178;FR_PH_50620 _ Pharmacie De St Fromond;ST FROMOND;50620;11 PORTE DES MARAIS;50;GIPHAR
2920091534;FR_PH_35660 _ Pharmacie Viel;LANGON;35660;41 GRANDE RUE;35;APOTHERA
2919266180;FR_PH_35310 _ Pharmacie Pennec - Sioen;CHAMPIGNE;35310;PLACE DE L EGLISE;35;P&P
2920578960;FR_PH_72000 _ Pharmacie De La Butte;LE MANS;72000;177 AVENUE BOLLEE;72;GIPHAR
2919643011;FR_PH_35131 _ Pharmacie Des Genets;PONT PEAN;35131;AVENUE DU CHEMIN VERT;35;RESEAU SANTE
2920091530;FR_PH_61110 _ Pharmacie Hedouin;BRETONCELLES;61110;1 RUE JULES LEMAITRE;61;CO&PHARM
2920578963;FR_PH_72100 _ Pharmacie De La Rocade;LE MANS;72100;143 AVENUE GEORGES DURAND;72;PHARMACTIV
2919573388;FR_PH_61300 _ Pharmacie Delahaye;L AIGLE;61300;30 RUE DE L ABREUVOIR SAINT MARTIN;61;PAS DE GROUPEMENT
2919323531;FR_PH_72560 _ Pharmacie Hernot (Ex Pharmacie Lamotte) - Change - 72;CHANGE;72560;39 PLACE DE L EGLISE;72;TOTUM
2919323533;FR_PH_72000 _ Pharmacie Beauregard;LE MANS;72000;AVENUE GEORGES DUHAMEL;72;GROUPEMENT LAFAYETTE
2919323535;FR_PH_72700 _ Pharmacie Des Lilas;ROUILLON;72700;16 PLACE DES HORTENSIAS;72;CO&PHARM
2919589770;FR_PH_35850_Pharmacie du bien etre;IRODOUER;35850;6 RUE DE RENNES;35;GIPHAR
2919643017;FR_PH_53000 _ Pharmacie De La Gare;LAVAL;53000;67 AVENUE ROBERT BURON;53;RESEAU SANTE
2920535939;FR_PH_35520 _ Pharmacie Des Fougeretz;LA CHAPELLE DES FOUGERETZ;35520;12 RUE DES LONGRAIS;35;PHARMACIE COS
2919573396;FR_PH_50270 _ Pharmacie De La C_Te Des Isles;BARNEVILLE CARTERET;50270;;50;PAS DE GROUPEMENT
2919589782;FR_PH_50330 _ Pharmacie Du Val De Saire;ST PIERRE EGLISE;50330;2 RUE DU 8 MAI 1945;50;PHARMODEL
2920535940;FR_PH_35190 _ Pharmacie De Becherel;BECHEREL;35190;31 B RUE LIBERATION;35;CO&PHARM
2919634845;FR_PH_53440 _ Pharmacie Bouliere;ARON;53440;17 RUE DE NORMANDIE;53;CO&PHARM
2919266205;FR_PH_35500 _ Pharmacie Des Remparts;VITRE;35500;2 RUE DE LA BORDERIE;35;PHR
2919624613;FR_PH_72000 _ Pharmacie De Maupertuis;LE MANS;72000;37 AVENUE BOLLEE;72;PHARMODEL
2920083368;FR_PH_72200 _ Pharmacie Liautier Mignot;ST MONTANT;72200;QUARTIER BAUVACHE;72;GIPHAR
2920578992;FR_PH_72700 _ Pharmacie De Medicis;ALLONNES;72700;LIEU DIT LA RATERIE;72;RESEAU SANTE
2919624621;FR_PH_72300 _ Pharmacie De Parce;PARCE SUR SARTHE;72300;5 PLACE DE LA RÃ‰PUBLIQUE;72;CO&PHARM
2920579005;FR_PH_72560 _ Pharmacie De La Place;CHANGE;72560;39 PLACE DE L EGLISE;72;TOTUM
2920091559;FR_PH_61000 _ Pharmacie du Pont Neuf (Cazenave);ALENCON;61000;13 RUE DU PONT NEUF;61;ANTON ET WILLEM
2920073122;FR_PH_35000 _ Pharmacie Brunon - 78;RENNES;35000;13 RUE DE LA MONNAIE;35;PAS DE GROUPEMENT
2919323566;FR_PH_35131 _ Pharmacie Maguero;CHARTRES DE BRETAGNE;35131;47 RUE DE LA POTERIE;35;CO&PHARM
2920073123;FR_PH_35300 _ Pharmacie De Bonabry;FOUGERES;35300;46 RUE DES FEUTERIES;35;APSARA
2920579003;FR_PH_72160 _ Pharmacie Rosevegue;THORIGNE SUR DUE;72160;48 GRANDE RUE;72;CO&PHARM
2920560549;FR_PH_35440 _ Pharmacie Schneegans Georges;MONTREUIL SUR ILLE;35440;36 AV ALEXIS REY;35;CO&PHARM
2920116158;FR_PH_35690 _ Pharmacie Briand-Nicolas;ACIGNE;35690;;35;PAS DE GROUPEMENT
2919323575;FR_PH_72000 _ Pharmacie Du Villaret;LE MANS;72000;44 RUE DE BARCELONE;72;GIPHAR
2920116149;FR_PH_35520 _ Pharmacie Centrale;MELESSE;35520;ZONE ARTISANALE METAIRIE;35;PHR
2919589820;FR_PH_72110 _ Pharmacie Gautier;BEAUFAY;72110;10 PLACE DU GENERAL DE GAULLE;72;ALPHEGA
2919589816;FR_PH_50310 _ Pharmacie Saint Ruf;MONTEBOURG;50310;2 PLACE ALBERT PELERIN;50;LAB'OFFICINE
2919634886;FR_PH_72190 _ Pharmacie Saint Nicolas;COULAINES;72190;6 BOULEVARD SAINT NICOLAS;72;ALPHEGA
2919573447;FR_PH_72340_Pharmacie de la VallÃ©e du Loir_Ruille sur Loir;LOIR EN VALLEE;72340;1 ROUTE DE LA CHARTRE;72;GIPHAR
2919624647;FR_PH_72320 _ Pharmacie Du Marche;VIBRAYE;72320;11 RUE DE LA RIVIERE;72;CEIDO
2920073167;FR_PH_72000 _ Pharmacie De L Universite;LE MANS;72000;76 AVENUE HENRI PIERRE KLOTZ;72;PAS DE GROUPEMENT
2920091598;FR_PH_35400 _ Pharmacie Lecocq;SAINT MALO;35400;8 RUE SAINT VINCENT;35;CO&PHARM
2919301063;FR_PH_53320 _ Pharmacie Blanchard;LOIRON RUILLE;53320;ZONE DE CHANTEPIE;53;RESEAU SANTE
2920083403;FR_PH_50400 _ Grande Pharmacie 3000 - Granmairie - 50;GRANVILLE;50400;2 RUE COURAYE;50;LEADER SANTE
2920579036;FR_PH_35600 _ Pharmacie Centrale;REDON;35600;12 GRANDE RUE;35;ALPHEGA
2919632844;FR_PH_35400 _ Pharmacie Des Fontenelles (Saint-Malo);SAINT MALO;35400;19 AV DES FONTENELLES;35;MANDARIN
2919266252;FR_PH_72300 _ Pharmacie Du Maine;SABLE SUR SARTHE;72300;48 RUE DU MANS;72;OBJECTIF PHARMA
2920579032;FR_PH_35500 _ Pharmacie Josso;BALAZE;35500;1 RUE JEANNE D ARC;35;PHARMACTIV
2919266255;FR_PH_53190 _ Pharmacie Du Bocage;FOUGEROLLES DU PLESSIS;53190;2 PLACE DU 11 NOVEMBRE 1918;53;GIPHAR
2920560582;FR_PH_72000 _ Pharmacie Rota Pirot - Anton&Willem;LE MANS;72000;45 AVENUE DU GENERAL DE GAULLE;72;ANTON ET WILLEM
2920560583;FR_PH_35270 _ Pharmacie Tronel;BEAUMONT DE LOMAGNE;35270;1 PLACE GAMBETTA;35;LAB'OFFICINE
2919573458;FR_PH_50400 _ Pharmacie Du Casino;GRANVILLE;50400;5 RUE GEORGES CLEMENCEAU;50;OBJECTIF PHARMA
2919643089;FR_PH_35113 _ Pharmacie Carissan Yvenou;DOMAGNE;35113;PLACE CARON DE LA CARRIERE;35;PAS DE GROUPEMENT
2920560588;FR_PH_72440 _ Pharmacie Conversy;TRESSON;72440;;72;PAS DE GROUPEMENT
2920091604;FR_PH_50400 _ Pharmacie De La Gare;GRANVILLE;50400;2 AVENUE DU MARECHAL LECLERC;50;PHARMACTIV
2919634906;FR_PH_35270 _ Pharmacie Cattoir;COMBOURG;35270;13 PLACE ALBERT PARENT;35;PAS DE GROUPEMENT
2920560584;FR_PH_72100 _ Pharmacie Jaures Saint Martin;LE MANS;72100;141 AVENUE JEAN JAURES;72;GIPHAR
2919266269;FR_PH_50180 _ Pharmacie Des Tilleuls (ThÃ©rÃ©val);THEREVAL;50180;34 RUE SAINT MARTIN;50;WELL PHARMA
2919623686;FR_PH_61110 _ Pharmacie De L Huisne;REMALARD EN PERCHE;61110;1 PLACE DU GENERAL DE GAULLE;61;PHR
2920117277;FR_PH_35000 _ Pharmacie Du Pont De Nantes;RENNES;35000;125 RUE DE NANTES;35;CO&PHARM
2920518667;FR_PH_35420 _ Pharmacie Elsy Gaultier;LOUVIGNE DU DESERT;35420;21 PLACE CHARLES DE GAULLE;35;PHR
4145188108;FR_PH_72190 _ Pharmacie De La Paix;COULAINES;72190;7 RUE DE LA PAIX;72;LEADER SANTE
2919590946;FR_PH_61600 _ Pharmacie Chaspoul;JUAN LES PINS;61600;152 BLD POINCARE;61;APP COTE D AZUR
2919253037;FR_PH_61340 _ Pharmacie De Berd Huis;BERD HUIS;61340;4 ROUTE DE BELLEME;61;GIPHAR
2920109091;FR_PH_53200 _ Pharmacie D Aze;CHATEAU GONTIER SUR MAYENNE;53200;7 B RUE SAINT AVENTIN;53;PYXIS PHARMA
2920109117;FR_PH_72400 _ Pharmacie De La Place;LA FERTE BERNARD;72400;16 PLACE DU MARCHE;72;CO&PHARM
2920064061;FR_PH_35000 _Pharmacie de L'Hotel Dieu;RENNES;35000;9 SQUARE DE LA RANCE;35;CO&PHARM
2919623729;FR_PH_61190 _ Pharmacie De Tourouvre;TOUROUVRE AU PERCHE;61190;14 RUE DU 13 AOUT 1944;61;APOTHERA
2919253045;FR_PH_50340 _ Pharmacie De Flamanmairie;FLAMANVILLE;50340;;50;PAS DE GROUPEMENT
2919623728;FR_PH_61200 _ Pharmacie Niard (ex Bords de L'Orne);ARGENTAN;61200;11 RUE ETIENNE PANTHOU;61;PHR
2920518694;FR_PH_72230 _ Pharmacie Daudibon;GUECELARD;72230;61 RUE NATIONALE;72;PHARMACTIV
2919253047;FR_PH_61000 _ Pharmacie De La Halle Au Ble;ALENCON;61000;20 PLACE DE LA HALLE AU BLE;61;PYXIS PHARMA
2920518698;FR_PH_50000 _ Pharmacie Du Neufbourg;ST LO;50000;96 RUE DU NEUFBOURG;50;NORMANDIE PHARMA
2919623736;FR_PH_53370 _ Pharmacie Des Avaloirs (53370);ST PIERRE DES NIDS;53370;7 RUE DES AVALOIRS;53;DEPI LE CARTEL
2919623738;FR_PH_35150 _ Pharmacie Des Halles;JANZE;35150;1 RUE SAINT PIERRE;35;PHARMACTIV
2919253059;FR_PH_50680 _ Pharmacie Humbert;CERISY LA FORET;50680;32 PLACE DU MARCHE;50;APSARA
4146132323;FR_PH_35410 _ Pharmacie Torel;NOUVOITOU;35410;21 RUE DE DOMLOUP;35;CO&PHARM
2920518743;FR_PH_72000 _ Pharmacie Des Jacobins;LE MANS;72000;7 RUE JANKOWSKI;72;ELSIE
2920064074;FR_PH_50570 _ Pharmacie Bernard Brignot;MARIGNY LE LOZON;50570;5 PLACE WESTPORT;50;PHARMACTIV
2919629902;FR_PH_35170 _ Pharmacie Talibart Macher;BRUZ;35170;8 PLACE DU VERT BUISSON;35;PYXIS PHARMA
2920518746;FR_PH_53240 _ Pharmacie Paquereau;LA BACONNIERE;53240;62 RUE DE LAVAL;53;ACT PHARMACIE
2919629897;FR_PH_35410 _ Pharmacie De La Place Des Gates;CHATEAUGIRON;35410;1 B PLACE DES GATES;35;RESEAU SANTE
2919623765;FR_PH_61200 _ Pharmacie Mauguit;ARGENTAN;61200;23 PLACE HENRI IV;61;PHR
2920072287;FR_PH_50100 _ Pharmacie De La Fauconniere;NOYANT D ALLIER;50100;3 RUE DE LA GARE;50;OBJECTIF PHARMA
2920072278;FR_PH_35800 _ Pharmacie Saint Alexandre;DINARD;35800;RUE ERNEST RENAN;35;GIPHAR
4146132349;FR_PH_35690 _ Pharmacie Briand;ACIGNE;35690;RESIDENCE LES CLOUERES;35;RESEAU SANTE
2919623771;FR_PH_72700 _ Pharmacie Des Perrieres;ALLONNES;72700;1618 AVENUE CHARLES DE GAULLE;72;PAS DE GROUPEMENT
2919623780;FR_PH_50890 _ Pharmacie Du Val De Vire;CONDE SUR VIRE;50890;2 RUE DE SAINT JEAN;50;PYXIS PHARMA
2919642212;FR_PH_50320 _ Pharmacie Sauvage-Granier;ST JEAN DES CHAMPS;50320;;50;PAS DE GROUPEMENT
2920109160;FR_PH_35000 _ Pharmacie Denoual-Meunier;RENNES;35000;6 AV JORGE SEMPRUN;35;CO&PHARM
2919623779;FR_PH_50300 _ Pharmacie Du Centre (50300);AVRANCHES;50300;8 PLACE LITTRE;50;GIPHAR
2920064096;FR_PH_35470 _ Pharmacie De L Hotel De Mairie;BAIN DE BRETAGNE;35470;6 AVENUE DU GENERAL PATTON;35;RESEAU SANTE
2919623784;FR_PH_50190 _ Pharmacie Dujardin;PERIERS;50190;3 RUE DE SAINT LO;50;PAS DE GROUPEMENT
2920518782;FR_PH_72100 _ Pharmacie Des Mahonias;LE MANS;72100;12 RUE DE GRENOBLE;72;PHR
2919623795;FR_PH_35650 _ Pharmacie Du March_;LE RHEU;35650;;35;PAS DE GROUPEMENT
2919623794;FR_PH_72460 _ Pharmacie Exmelin;SAVIGNE L EVEQUE;72460;;72;PAS DE GROUPEMENT
2919253115;FR_PH_61200 _ Pharmacie Pharmavenir;ARGENTAN;61200;21 RUE PIERRE BEREGOVOY;61;SYMPLY PHARMA
2919623800;FR_PH_50690 _ Pharmacie Esnol;MARTINVAST;50690;20 RUE MAURICE BRISSET;50;PAS DE GROUPEMENT
2919623812;FR_PH_61380 _ Pharmacie Gloria;MOULINS LA MARCHE;61380;31 RUE JEAN GABIN;61;PHARMODEL
2920072335;FR_PH_72380 _ Pharmacie De La Route;ST JEAN D ASSE;72380;LIEU DIT LA ROUTE;72;PAS DE GROUPEMENT
2920518807;FR_PH_53200 _ Pharmacie La Garve;LA GRAVE;53200;;53;PAS DE GROUPEMENT
2920064137;FR_PH_61300 _ Pharmacie Centrale;L AIGLE;61300;14 PLACE SAINT MARTIN;61;PHR
2919253130;FR_PH_50300 _ Pharmacie Des Greves;MARCEY LES GREVES;50300;14 ROUTE DE GRANVILLE;50;PHR
2920518808;FR_PH_35120 _ Pharmacie Poujol;LA BOUSSAC;35120;1 RUE DE LA CROIX BOUESSEE;35;GIPHAR
2919623817;FR_PH_50250 _ Pharmacie Du Marche;LA HAYE;50250;4 PLACE PATTON;50;PAS DE GROUPEMENT
2919623827;FR_PH_50180 _ Pharmacie Du Bocage;AGNEAUX;50180;2 PLACE PIERRE DE GOUVILLE;50;PHR
2920548297;FR_PH_72600 _ Pharmacie Du Forum;MAMERS;72600;15 RUE GAMBETTA;72;COLORAL
2920579018;FR_PH_50200 _ Pharmacie Du Parvis;COUTANCES;50200;2 RUE GEOFFROY DE MONTBRAY;50;APSARA
2919589861;FR_PH_50120 _ Pharmacie Levee;CHERBOURG EN COTENTIN;50120;AVENUE JACQUES PREVERT;50;PYXIS PHARMA
2919573479;FR_PH_50500 _ Pharmacie Lecesne;CARENTAN LES MARAIS;50500;31 PLACE DE LA REPUBLIQUE;50;GIROPHARM
2920560630;FR_PH_50400 _ Pharmacie St Nicolas;GRANVILLE;50400;RUE SAINT NICOLAS;50;NORMANDIE PHARMA
2919624678;FR_PH_72100 _ Pharmacie Saint Joseph;LE MANS;72100;2 AVENUE D HAOUZA;72;PLATINUM
2920579063;FR_PH_53220 _ Pharmacie Rouanet;PONTMAIN;53220;13 RUE DE LA GRANGE;53;PAS DE GROUPEMENT
2919321572;FR_PH_72610 _ Pharmacie Bordier-Palou;FYE;72610;;72;PAS DE GROUPEMENT
2920091624;FR_PH_35500 _ Pharmacie Hovasse;VITRE;35500;1 BOULEVARD GEORGES CHARPAK;35;APOTHERA
2919589859;FR_PH_61570 _ Pharmacie Du Pays D O;MORTREE;61570;37 GRANDE RUE;61;PYXIS PHARMA
2919589868;FR_PH_61800 _ Pharmacie Lenegre (61800);CHANU;61800;RUE DE TINCHEBRAY;61;OBJECTIF PHARMA
2919266284;FR_PH_53940 _ Pharmacie Du Lac;ST BERTHEVIN;53940;77 RUE JEANNE D ARC;53;RESEAU SANTE
2920091617;FR_PH_50000 _ Selarl Pharmacie De La Dollee;ST LO;50000;;50;PAS DE GROUPEMENT
2919321580;FR_PH_61200 _ Pharmacie Saint Michel;ARGENTAN;61200;20 AVENUE DU MARECHAL FOCH;61;UNIVERS PHARMACIE
2920579065;FR_PH_35640 _ Pharmacie Durand Valotaire;MARTIGNE FERCHAUD;35640;2 RUE GUY MARTIN;35;PHARMAVIE
2919323633;FR_PH_50000 _ Pharmacie De La Dollee;ST LO;50000;136 MONTEE DU BOIS ANDRE;50;PAS DE GROUPEMENT
2919573495;FR_PH_53600 _ Pharmacie Des Sports;EVRON;53600;19 AVENUE DES SPORTS;53;PYXIS PHARMA
2919266292;FR_PH_72560 _ Pharmacie Du Grand Pin;CHANGE;72560;72560 ZONE ARTISANALE DU GRAND PIN;72;PAS DE GROUPEMENT
2919589885;FR_PH_50330 _ Pharmacie Lequertier-Bonnal;ST PIERRE EGLISE;50330;1 RUE DU GENERAL DE GAULLE;50;PAS DE GROUPEMENT
2920116215;FR_PH_35700 _ Pharmacie De La Croix Carree;RENNES;35700;109 RUE DE FOUGERES;35;GIROPHARM
3878110941;FR_PH_35200 _ Pharmacie Du Marche;RENNES;35000;5 RUE YVONNICK LAURENT;35;CO&PHARM
2920560623;FR_PH_72100 _ Monsieur Philippe Blandeau;LE MANS;72100;145 AVENUE FELIX GENESLAY;72;APOTHERA
2919266303;FR_PH_50600 _ Pharmacie Karam;GRANDPARIGNY;50600;1 ZONE ARTISANALE LA RIVIERE;50;GIPHAR
2919644421;FR_PH_35190 _ Pharmacie Ligier Gautier;ST DOMINEUC;35190;45 B RUE NATIONALE;35;PHARMACTIV
2920064264;FR_PH_72650 _ Pharmacie De St Saturnin;SAINT SATURNIN;72650;23 BD DE LA MAULE;72;CO&PHARM
2920072456;Pharmacie De Pire_35150;PIRE CHANCE;35150;1 PLACE DE LA PORTE;35;RESEAU SANTE
2919623939;FR_PH_53300 _ Pharmacie Lemetayer;OISSEAU;53300;5 PLACE DE L EGLISE;53;RESEAU SANTE
2920109317;FR_PH_61300 _ Pharmacie De La Halle De L Aigle;L AIGLE;61300;19 RUE SAINT JEAN;61;GIROPHARM
2920072448;FR_PH_61150 _ Pharmacie D Ecouche;ECOUCHE LES VALLEES;61150;29 RUE DES 3 FRERES TERRIER;61;OBJECTIF PHARMA
2920064286;FR_PH_35235 _ Pharmacie Du Marche;THORIGNE FOUILLARD;35235;7 ALLEE DU MARCHE;35;CO&PHARM
2919623954;FR_PH_53290 _ Pharmacie La Marle;ST DENIS D ANJOU;53290;2 ROUTE DE BOUERE;53;KATALYS
2920072468;FR_PH_35250 _ Pharmacie Diais;ST AUBIN D'AUBIGNE;35250;11 RUE DE RENNES;35;CO&PHARM
2920072471;FR_PH_50110 _ Pharmacie Des Mielles;CHERBOURG EN COTENTIN;50110;69 RUE DU GENERAL LECLERC;50;PHR
2919623961;FR_PH_35510 _ Pharmacie Le Leuch;CESSON SEVIGNE;35510;6 RUE DE LA MARE PAVEE;35;BRETAGNE SANTE REFERENCE
2920072467;FR_PH_61140 _ Pharmacie De Thermes;BAGNOLES DE L ORNE NORMANDIE;61140;5 AVENUE DU DOCTEUR POULAIN;61;PYXIS PHARMA
2920072492;FR_PH_61400 _ Pharmacie Des Halles;MORTAGNE AU PERCHE;61400;1 RUE DES MARCHANDS;61;PHARMACTIV
2920109359;FR_PH_61340 _ Pharmacie Kouba;PERCHE EN NOCE;61340;6 BIS PLACE DU DR PAUL GIREAUX;61;CO&PHARM
2919644450;FR_PH_72000 _ Madame Beatrice Maheu;LE MANS;72000;25 B RUE PREMARTINE;72;CO&PHARM
2919300392;FR_PH_50480 _ Pharmacie De L Eglise;STE MERE EGLISE;50480;13 RUE DU GENERAL KOENIG;50;GIROPHARM
2920072487;FR_PH_35230 _ Pharmacie Des Potiers;NOYAL CHATILLON SUR SEICHE;35230;1 RUE NICOLAS APPERT;35;PHARMACTIV
2919642410;FR_PH_35000 _ Pharmacie Leon Bourgeois;RENNES;35000;3 BOULEVARD LEON BOURGEOIS;35;GIPHAR
2920082736;FR_PH_61500 _ Pharmacie De La Republique;SEES;61500;88 RUE DE LA REPUBLIQUE;61;PHARMACTIV
2920072498;FR_PH_61260 _ Pharmacie Des Tilleuls;VAL AU PERCHE;61260;28 PLACE DES TEILLEULS;61;RESEAU SANTE
2919624007;FR_PH_61800 _ Pharmacie Normande;ST PIERRE D ENTREMONT;61800;LE BOURG;61;PHR
2920109384;FR_PH_35133 _ Pharmacie Luitre Dompierre;LUITRE;35133;18 RUE DE NORMANDIE;35;CO&PHARM
2919644494;FR_PH_72000 _ Pharmacie Saint Lazare;LE MANS;72000;80 BOULEVARD ANATOLE FRANCE;72;GROUPEMENT LAFAYETTE
2920082756;FR_PH_61000 _ Pharmacie Le Point Du Jour;ALENCON;61000;36 RUE DE CERISE;61;ELSIE
2939354232;FR_MA_72450 _ Mairie De Lombron;lombron;72450;20 rue de TorcÃ©;72;PAS DE GROUPEMENT
2919644491;FR_PH_50190 _ Pharmacie Prisiaise;PERIERS;50190;4 PLACE LECLERC;50;PHR
2920064348;FR_PH_50220 _ Pharmacie De La Selune;DUCEY LES CHERIS;50220;25 GRANDE RUE;50;PHARMAVIE
2920064349;FR_PH_50160 _ Pharmacie Du Chateau;TORIGNY LES VILLES;50160;5 RUE HAVIN;50;PHR
2919642462;FR_PH_35330 _ Pharmacie Heraudeau Gaulon;MAURE DE BRETAGNE-VAL D'ANAST;35330;9 PLACE DU MARCHE;35;CO&PHARM
2920109392;FR_PH_61150 _ Pharmacie Du Rond Point;RANES;61150;2 RUE DE LA LIBERATION;61;APSARA
2920064365;FR_PH_53270 _ Pharmacie Derouet Pillet;STE SUZANNE ET CHAMMES;53270;12 PLACE AMBROISE DE LORE;53;PAS DE GROUPEMENT
2919300453;FR_PH_72210 _ Pharmacie Deroche;ROEZE SUR SARTHE;72210;20 ROUTE DE BESNE;72;PAS DE GROUPEMENT
2920109416;FR_PH_35580 _ Pharmacie Des Halles;GUICHEN;35580;50 RUE DU GENERAL LECLERC;35;RESEAU SANTE
2920109410;FR_PH_50310 _ Pharmacie Mateos;MONTEBOURG;50310;31 PLACE ALBERT PELERIN;50;LAB'OFFICINE
2919629991;Pharmacie des jardins de la Bretonniere _ Chateaubourg;CHATEAUBOURG;35220;CTRE DES JARDINS DE LA BRETONNIERE;35;LEADER SANTE
2920518834;FR_PH_35400 _ Pharmacie Taddei;SAINT MALO;35400;78 BLD DE ROCHEBONNE;35;CO&PHARM
2919253154;FR_PH_35000 _ Pharmacie Du Landry;RENNES;35000;5 PLACE JULIETTE GRECO;35;CO&PHARM
2920109231;FR_PH_35310 _ Pharmacie Leguay;MORDELLES;35310;AVENUE DES PLATANES;35;LEADER SANTE
2920072361;FR_PH_50340 _ Pharmacie Centrale;LES PIEUX;50340;18 RUE CENTRALE;50;UNIPHARM
2919644335;FR_PH_72610 _ Pharmacie Centrale De St Paterne;ST PATERNE LE CHEVAIN;72610;5 RUE DE LA CARTONNIERE;72;PAS DE GROUPEMENT
4789966637;FR_PH_35000 _ Boissaux Et Mme Lemaire;RENNES;35000;3 BLD LEON BOURGEOIS;35;CO&PHARM
2919642295;FR_PH_61570 _ Pharmacie Thieulin;MORTREE;61570;;61;APOTHERA
2920064190;FR_PH_35200 _ Pharmacie De Brequigny;RENNES;35200;1 PLACE ALBERT BAYET;35;CO&PHARM
2920072376;FR_PH_72390 _ Pharmacie De Dollon;DOLLON;72390;2 PLACE DE L EGLISE;72;P&P
2919642302;FR_PH_50250 _ Pharmacie V X L;LA HAYE;50250;55 PLACE DU GENERAL DE GAULLE;50;PAS DE GROUPEMENT
2919623864;FR_PH_35740 _ Pharmacie Des Oliviers;PACE;35740;14 AVENUE ETIENNE ET MARIE PINAULT;35;ALPHEGA
2920082638;FR_PH_35230 _ Pharmacie D Orgeres;ORGERES;35230;42 RUE DE RENNES;35;CO&PHARM
2919623873;FR_PH_61200 _ Pharmacie Grandcollot-Malnoux;ARGENTAN;61200;CTRE  CIAL INTERMARCHE;61;LAB'OFFICINE
2920109256;FR_PH_61100 _ Pharmacie Desrues;FLERS;61100;PLACE GENERAL LECLERC;61;EVOLUPHARM
2919623875;FR_PH_61250 _ Pharmacie Guesnay Laigneau;DAMIGNY;61250;5 RUE PRINCIPALE;61;OBJECTIF PHARMA
2920109258;FR_PH_61330 _ Pharmacie Du Monument;CEAUCE;61330;3 RUE D AMBRIERE;61;SANTALIS
2919644364;FR_PH_72550 _ Pharmacie Kouassi;COULANS SUR GEE;72550;62 RUE NATIONALE;72;VIADYS
2920064195;FR_PH_53150 _ Pharmacie De La Jouanne;MONTSURS;53150;11 RUE DE LA LIBERATION;53;PHR
4145216989;FR_PH_61210 _ Pharmacie Plainfosse;PUTANGES LE LAC;61210;1 PLACE NOTRE DAME;61;PYXIS PHARMA
2920082654;FR_PH_35000 _ Pharmacie De La Madeleine;RENNES;35000;195 RUE DE NANTES;35;GIPHAR
4789966676;FR_PH_35480 _ Pharmacie Du Centre;GUIPRY-MESSAC;35480;35 AV DU PORT - CCIAL SUPER U;35;CO&PHARM
2920082647;FR_PH_61120 _ Pharmacie De La Vallee D Auge;VIMOUTIERS;61120;10 PLACE MACKAU;61;APOTHERA
2919642330;FR_PH_53000 _ Pharmacie D Hilard;LAVAL;53000;34 RUE D HILARD;53;GIPHAR
2919642331;FR_PH_35370 _ Pharmacie Du Hill;ARGENTRE DU PLESSIS;35370;8 RUE DES SPORTS;35;RESEAU SANTE
2919300318;FR_PH_50130 _ Pharmacie Salengro;CHERBOURG EN COTENTIN;50130;12 RUE ROGER SALENGRO;50;GIROPHARM
2920082668;FR_PH_35235 _ Pharmacie Saliou;THORIGNE FOUILLARD;35235;CCIAL LE BOCAGE;35;CO&PHARM
2920072430;FR_PH_61240 _ Pharmacie Du Centaure;NONANT LE PIN;61240;34 GRANDE RUE;61;APSARA
2919623910;FR_PH_35500 _ Pharmacie De La Baratiere;VITRE;35500;21 RUE DE REDON;35;PHARMAVIE
2920064228;FR_PH_61000 _ Pharmacie De Perseigne;ALENCON;61000;22 RUE PAUL VERLAINE;61;ACT PHARMACIE
2920072421;FR_PH_35580 _ Pharmacie De Goven;GOVEN;35580;14 RUE DE BLOSSAC;35;PYXIS PHARMA
2919623927;FR_PH_35200 _ Pharmacie Du Landrel;RENNES;35200;CCIAL LANDREL;35;CO&PHARM
2920109311;FR_PH_35580 _ Pharmacie Flori Lefeuvre;GUIGNEN;35580;PLACE DE L'EGLISE;35;CO&PHARM
2919623920;FR_PH_35140 _ Pharmacie Kerjean;SAINT OUEN DES ALLEUX;35140;2 RUE DU DOCTEUR GORVEL;35;CO&PHARM
2919623933;FR_PH_53190 _ Pharmacie Huart;LANDIVY;53190;2 RUE DU COLLEGE;53;GIPHAR
4145217003;FR_PH_72160 _ Pharmacie Principale De Connerre;CONNERRE;72160;16 PLACE DE LA REPUBLIQUE;72;PHARMACTIV
2919644412;FR_PH_72000 _ La Grande Pharmacie Des Minimes;LE MANS;72000;13 RUE DES MINIMES;72;PHARMABEST
2919623929;FR_PH_53000 _ Pharmacie De La Paix (Laval);LAVAL;53000;29 RUE DE LA PAIX;53;OBJECTIF PHARMA
2920102415;FR_PH_72000 _ Pharmacie De L Eperon;LE MANS;72000;14 PLACE DE L EPERON;72;ALPHEGA
2920065551;FR_PH_72400 _ Pharmacie Bisi;LA FERTE BERNARD;72400;10 PLACE VICTOR HUGO;72;PHR
2919590400;FR_PH_72000 _ Pharmacie Christensen;LE MANS;72000;72 AVENUE DU GENERAL LECLERC;72;ALPHEGA
2920102410;FR_PH_72100 _ Pharmacie Behue-Delorme;LE MANS;72100;131 AVENUE DU DOCTEUR JEAN MAC;72;PAS DE GROUPEMENT
2920116743;FR_PH_35500 _ Pharmacie Chapelle Rousselin;VITRE;35500;12 RUE DU 70E REGIMENT D INFANTERIE;35;PYXIS PHARMA
2920518168;FR_PH_50600 _ Pharmacie Du Centre;ST HILAIRE DU HARCOUET;50600;17 AVENUE DU MARECHAL LECLERC;50;LAB'OFFICINE
2919590411;FR_PH_72300 _ Pharmacie De L Ile _ Boulay;SABLE SUR SARTHE;72300;56 RUE DE L ILE;72;OBJECTIF PHARMA
2920536579;FR_PH_35140 _ Pharmacie Du Cormier (Saint-Aubin-du-Cormier);ST AUBIN DU CORMIER;35140;5 PLACE ALEXANDRE VEILLARD;35;PHARMACTIV
2920102424;FR_PH_35480 _ Pharmacie De La Gare;GUIPRY MESSAC;35480;110 AVENUE DE LA GARE;35;RESEAU SANTE
2919590431;FR_PH_72800 _ Pharmacie Duval;LE LUDE;72800;RUE DE LA GARENNE -CCIAL INTER;72;CO&PHARM
2920102423;FR_PH_35290 _ Pharmacie Oceane;SAINT MEEN LE GRAND;35290;1 RUE LOUISON BOBET;35;CO&PHARM
2920092206;FR_PH_72700 _ Pharmacie D Etival Les Le Mans;ETIVAL LES LE MANS;72700;13 RUE PRINCIPALE;72;CO&PHARM
2920536634;FR_PH_61500 _ Selarl Pharmacie De L Esterel;JUAN LES PINS;61500;118 AVENUE FRANCIS TONNER;61;PAS DE GROUPEMENT
2920102439;FR_PH_53200 _ Pharmacie De L Anjou;CHATEAU GONTIER SUR MAYENNE;53200;40 AVENUE DU MARECHAL JOFFRE;53;GIROPHARM
2920518207;FR_PH_35400 _ Pharmacie De La Roulais;ST MALO;35400;7 PLACE DU MARECHAL LECLERC;35;GIPHAR
4145214270;FR_PH_35400 _ Pharmacie Des Corsaires;ST MALO;35400;5 RUE DU PRESIDENT R.SCHUMAN;35;CO&PHARM
2920116770;FR_PH_72350 _ Pharmarcie Cartier-Gasnier;BRULON;72350;5 BOULEVARD DE LA GARE;72;SOGIPHAR
2920102456;FR_PH_35120 _ Pharmacie Chateaubriand;DOL DE BRETAGNE;35120;24 RUE JAMPTEL;35;RESEAU SANTE
2920102453;FR_PH_35520 _ Pharmacie Leray;MELESSE;35520;13 PLACE DE L EGLISE;35;PHARMACTIV
7105594297;FR_PH_35000 _ Pharmacie Du Mail;RENNES;35000;;35;PAS DE GROUPEMENT
4145214253;FR_PH_50270 _ Pharmacie De La Cote Des Isles;BARNEVILLE CARTERET;50270;5 RUE DES HALLES;50;PYXIS PHARMA
2920092233;FR_PH_35133 _ Pharmacie Du Parc (LÃ©cousse);PLURIEN;35133;2 RUE DU STADE;35;GIPHAR
2920092234;FR_PH_72190 _ Pharmacie De Saint Pavace;ST PAVACE;72190;2 RUE DU MONNET;72;PAS DE GROUPEMENT
2919642487;FR_PH_35590 _ Pharmacie Renard;LA CHAPELLE THOUARAULT;35590;5 RUE DU COMMERCE;35;SYNERGIPHAR
2920072568;FR_PH_35240 _ Pharmacie Du Parc;RETIERS;35240;14 B RUE PASTEUR;35;RESEAU SANTE
2920072571;FR_PH_53290 _ Pharmacie Du Square;GREZ EN BOUERE;53290;2 RUE DES ECOLES;53;EUROPHARMACIE
2920549742;FR_PH_53200 _ Pharmacie Desjobert;CHATEAU GONTIER SUR MAYENNE;53200;9 RUE THIERS;53;PHR
2920559976;FR_PH_35130 _ Pharmacie Monthuir Chauvin;LA GUERCHE DE BRETAGNE;35130;19 RUE NOTRE DAME;35;RESEAU SANTE
2920109426;FR_PH_61000 _ Pharmacie De Montsort;ALENCON;61000;47 RUE DU MANS;61;OBJECTIF PHARMA
2920549739;FR_PH_35150 _ Pharmacie Flageul Gougeon;JANZE;35150;BOULEVARD CHARCOT;35;PHARMACTIV
2919630212;FR_PH_72460 _ Pharmacie Labarriere Cheymol;SAVIGNE L EVEQUE;72460;RUE DE LA PELOUSE;72;TOTUM
2920064398;FR_PH_35290 _ Pharmacie Guillou;ST MEEN LE GRAND;35290;9 PLACE DU GENERAL PATTON;35;GIPHAR
2920109454;FR_PH_50500 _ Pharmacie Peron (Carentan-les-Marais);CARENTAN LES MARAIS;50500;34 PLACE DE LA REPUBLIQUE;50;ELSIE
2919642499;FR_PH_72330 _ Pharmacie D Yvre Le Polin;YVRE LE POLIN;72330;23 RUE DU 8 MAI;72;SOPHAREF
2920109442;FR_PH_35430 _ Pharmacie Du Vallion (Saint-Jouan-des-GuÃ©rets);ST JOUAN DES GUERETS;35430;13 PLACE DE L'EGLISE;35;CO&PHARM
2919642518;FR_PH_50100 _ Pharmacie Lequenne;CHERBOURG EN COTENTIN;50100;1 RUE CHRISTINE;50;PAS DE GROUPEMENT
2920072599;FR_PH_50620 _ Pharmacie De St Jean De Daye;ST JEAN DE DAYE;50620;15 RUE DE LA LIBERATION;50;OBJECTIF PHARMA
2919642532;FR_PH_35500 _ Pharmacie Du Lierre;VITRE;35500;2 RUE DE PARIS;35;ANTON ET WILLEM
2920064430;FR_PH_35510 _ Pharmacie Le Brun;CESSON SEVIGNE;35510;49A RUE DE RENNES;35;CO&PHARM
2919644591;FR_PH_53000 _ Pharmacie Du Bourny (Laval);LAVAL;53000;16 PLACE DE LA COMMUNE;53;CO&PHARM
2920109479;FR_PH_61160 _ Pharmacie Hoorelbeke;GOUFFERN EN AUGE;61160;RUE DES POLONAIS;61;APOTHERA
2920535481;FR_PH_61000 _ Pharmacie Guynemer;ALENCON;61000;4 RUE GEORGES GUYNEMER;61;PAS DE GROUPEMENT
2919624117;FR_PH_35400 _ Pharmacie De La Croix Desilles;SAINT MALO;35400;57 BIS BOULEVARD DES DEPORTES;35;CO&PHARM
2919624112;FR_PH_50100 _ Pharmacie Mutualiste;CHERBOURG EN COTENTIN;50100;;50;PAS DE GROUPEMENT
2919624127;FR_PH_50600 _ Pharmacie Saint Michel;ST HILAIRE DU HARCOUET;50600;12 PLACE SAINT MICHEL;50;LAB'OFFICINE
2919642552;FR_PH_61450 _ Pharmacie De La Ferriere;LA FERRIERE AUX ETANGS;61450;RUE DE LA FERTE MACE;61;PYXIS PHARMA
2920064434;FR_PH_35300 _ Pharmacie De La Poste;FOUGERES;35300;5 AV DU GENERAL DE GAULLE;35;CO&PHARM
2920519123;FR_PH_72100 _ Pharmacie Bognon;LE MANS;72100;1 SQUARE JEAN PIERRE WIMILLE;72;COTE PHARMA
2919624130;FR_PH_35136 _ Pharmacie Saint Jacques;MONTLUCON;35136;211 QUAI LEDRU ROLLIN;35;PAS DE GROUPEMENT
2920064459;FR_PH_35200 _ Pharmacie Kerangal;RENNES;35200;50 BLD CLEMENCEAU;35;CO&PHARM
2920072643;FR_PH_50300 _ Pharmacie Legras;AVRANCHES;50300;11 PLACE LITTRE;50;PAS DE GROUPEMENT
2920064470;FR_PH_35340 _ Pharmacie Guegan;LIFFRE;35340;2 RUE DE FOUGERES;35;PHARMACTIV
2919630301;FR_PH_72000 _ Pharmacie St Pavin;LE MANS;72000;95 RUE GAMBETTA;72;APOTHERA
2919300575;FR_PH_72600 _ Pharmacie Bechambes;VILLENEUVE EN PERSEIGNE;72600;LOTISSEMENT DE LA VIGNE;72;SOGIPHAR
2920535537;FR_PH_35530 _ Pharmacie Guidoux;SERVON SUR VILAINE;35530;9 RUE CHARLES BRISOU;35;PYXIS PHARMA
2920560118;Pharmacie Launay;CREANCES;50710;132 RUE DU HAUT CHEMIN;50;PHARMACORP
2919644640;FR_PH_53000 _ Pharmacie De Chanzy;LAVAL;53000;195 AVENUE DE CHANZY;53;CO&PHARM
2919300584;FR_PH_72100 _ Pharmacie Bourdais;LE MANS;72100;4 PLACE DES SABLONS;72;ALPHEGA
2920535545;FR_PH_72200 _ Pharmacie Henri Iv;LA FLECHE;72200;10 RUE DU MARECHAL FOCH;72;OBJECTIF PHARMA
2920535549;FR_PH_61300 _ Pharmacie De La Madeleine;ST SULPICE SUR RISLE;61300;6 AVENUE DE L ILE DE FRANCE;61;PHARMACTIV
2919644660;FR_PH_72440 _ Pharmacie De Bouloire;BOULOIRE;72440;96 RUE NATIONALE;72;PHR
2919624177;FR_PH_61000 _ Pharmacie Leriche;ALENCON;61000;174 AVENUE DE QUAKENBRUCK;61;PHR
4145188072;FR_PH_53240 _ Pharmacie Des Deux Rives;ANDOUILLE;53240;3 RUE FREDERIC CHAPLET;53;DYNAMIS
3877811417;FR_PH_72400 _ Pharmacie De La Place (La FertÃ©-Bernard);LA FERTE BERNARD;72400;11 PLACE LEDRU ROLLIN;72;CO&PHARM
2920535533;FR_PH_35800 _ Pharmacie De Saint Enogat;DINARD;35800;4 RUE GARDINER;35;CO&PHARM
4145188077;FR_PH_72600 _ Pharmacie De Neufchatel;NEUFCHATEL EN SAOSNOIS;72600;3 B RUE MARCEL GRAFFIN;72;LAB'OFFICINE
2920153871;FR_PH_35680 _ Pharmacie Lory Jamet;BAIS;35680;1 ESPACE DES FONTAINES;35;GIPHAR
2920117001;FR_PH_35350 _ Pharmacie Guarnieri;ST COULOMB;35350;7 RUE DE SAINT MALO;35;RESEAU SANTE
2920092427;FR_PH_53480 _ Pharmacie De L Oceane;VAIGES;53480;5 B ROUTE DU MANS;53;RESEAU SANTE
2920518427;FR_PH_35540 _ Pharmacie De Miniac;MINIAC MORVAN;35540;1 IMPASSE DU GUE;35;RESEAU SANTE
2919281420;FR_PH_35200 _ Pharmacie La Poterie;RENNES;35200;2 PLACE DU RONCERAY;35;RESEAU SANTE
2920116993;FR_PH_53390 _ Pharmacie Gendron;ST AIGNAN SUR ROE;53390;16 RUE PIERRE BOISRAME;53;PHARMACTIV
2920518429;FR_PH_35440 _ Pharmacie Lapebie;DINGE;35440;7 RUE DES LAVOIRS;35;CO&PHARM
2920117023;FR_PH_35630 _ Pharmacie Guillon;HEDE BAZOUGES;35630;16 RUE ALFRED ANNE DUPORTAL;35;RESEAU SANTE
2920518400;FR_PH_35850 _ Pharmacie Leprince Pentel;GEVEZE;35850;31 RUE DE RENNES;35;PHARMACTIV
2919643935;FR_PH_61600 _ Pharmacie Des Andaines;LA FERTE MACE;61600;51 RUE DE L ABBE FELIX DESAUNAY;61;LAB'OFFICINE
2920141591;FR_PH_35380 _ Pharmacie Perchais Chevallier;PLELAN LE GRAND;35380;5 A RUE DE LA VALLEE DU CAST;35;CEIDO
2920117009;FR_PH_50450 _ Pharmacie Gerault (50450);HAMBYE;50450;6 RUE DE LA CROIX AU BRETON;50;KATALYS
2920538894;FR_PH_72700 _ Pharmacie Menager;SPAY;72700;3 RUE DE VOIVRES;72;CO&PHARM
2919281438;FR_PH_35200 _ Pharmacie Desponds;RENNES;35200;30 AV FREVILLE -CCIAL ALMADIES;35;CO&PHARM
2920153873;FR_PH_53200 _ Pharmacie Paris S;CHATEAU GONTIER SUR MAYENNE;53200;5 RUE GAMBETTA;53;PYXIS PHARMA
2919674659;FR_PH_53470 _ Pharmacie De Martigne;MARTIGNE;53470;3 PLACE DE L'EGLISE;53;CO&PHARM
2920117029;FR_PH_35380 _ Pharmacie Le Failler;PLELAN LE GRAND;35380;PLACE DE LA REPUBLIQUE;35;RESEAU SANTE
2920117028;FR_PH_61400 _ Pharmacie La Croix Du Perche;MORTAGNE AU PERCHE;61400;1 RUE DU GENERAL LECLERC;61;UNIPHARM
2920538938;FR_PH_50100 _ Pharmacie Herboristerie De La Marine;CHERBOURG EN COTENTIN;50100;5 RUE EMMANUEL LIAIS;50;LAB'OFFICINE
2920102474;FR_PH_35000 _ Pharmacie Rochard;RENNES;35000;48 RUE DE LORIENT;35;CO&PHARM
2920116810;FR_PH_50690 _ Pharmacie De Virandeville;VIRANDEVILLE;50690;56 LE BOURG;50;PHR
2920100417;FR_PH_72320 _ Pharmacie Saint Denis;MONTMIRAIL;72320;1 ESPACE GEORGES DURAND;72;CO&PHARM
2920102465;FR_PH_35560 _ Pharmacie De Bazouges;BAZOUGES LA PEROUSE;35560;23 RUE DE L EGLISE;35;ELITPHARMA
2920092227;FR_PH_35300 _ Pharmacie Des Cotterets;FOUGERES;35300;37 AV DE NORMANDIE;35;CO&PHARM
2920116802;FR_PH_61100 _ Pharmacie De Paris;ROANNE;61100;99 AVENUE DE PARIS;61;APOTHERA
2920518215;FR_PH_35170 _ Pharmacie Rousseau;BRUZ;35170;4 AV JULES TRICAULT;35;CO&PHARM
2920092244;FR_PH_72220 _ Pharmacie Du Belinois;TELOCHE;72220;10 RUE DU 8 MAI;72;CO&PHARM
2920096342;FR_PH_72200 _ Pharmacie Du Marche;LA FLECHE;72200;58 RUE CARNOT;72;CO&PHARM
2919281250;FR_PH_35260 _ Pharmacie Ceus Menard;DUN SUR AURON;35260;2 PLACE GUSTAVE VINADELLE;35;PHARMACTIV
2920518264;FR_PH_61100_Pharmacie Des Halles;FLERS;61100;72 RUE DU 6 JUIN;61;LAB'OFFICINE
2920096355;FR_PH_53220 _ Pharmacie De La Futaie;MONTAUDIN;53220;1 PLACE DE LA POSTE;53;PHR
2920518269;FR_PH_50200 _ Pharmacie Saint-Nicolas;COUTANCES;50200;16 RUE SAINT NICOLAS;50;VIADYS
2919281264;FR_PH_61130 _ Pharmacie Du Centre (61130);BELLEME;61130;23 PLACE DE LA REPUBLIQUE;61;PHARMACTIV
4789442829;FR_PH_35420 _ Pharmacie du roc;LOUVIGNE DU DESERT;35420;26 PLACE CHARLES DE GAULLE;35;GIPHAR
2920536682;FR_PH_72000 _ Propharmacie Philippe Etienne;AUBENAS;72000;16 RUE MARCET;72;VIADYS
4146125659;FR_PH_50230 _ Pharmacie Robbe;AGON COUTAINVILLE;50230;10 RUE DE L AMIRAL TOURVILLE;50;LAB'OFFICINE
2919281279;FR_PH_50100 _ Pharmacie De La Bucaille;CHERBOURG EN COTENTIN;50100;13 RUE DE LA BUCAILLE;50;LAB'OFFICINE
2920096370;FR_PH_50420 _ Pharmacie Des Bords De Vire;TESSY BOCAGE;50420;66 RUE SAINT PIERRE ET MIQUELON;50;PHR
2919590528;FR_PH_72220 _ Pharmacie Sevaux;ECOMMOY;72220;9 RUE CARNOT;72;GROUPEMENT LAFAYETTE
2920116870;FR_PH_35240 _ Pharmacie de MarcillÃ©-Robert (MarcillÃ©-Robert);MARCILLE ROBERT;35240;14 GRANDE RUE;35;CO&PHARM
2920141442;FR_PH_53000 _ Pharmacie Bonenfant - Chemineault;laval;53000;;53;PAS DE GROUPEMENT
2920096409;FR_PH_35590 _ Selarl Pharmacie De L Hermitage;L HERMITAGE;35590;LA MUSSE;35;LEADER SANTE
4145212292;FR_PH_35000 _ Pharmacie Republique Pre Botte;RENNES;35000;1 RUE DU PRE BOTTE;35;PHARMACIE COS
2919590552;FR_PH_72100 _ Pharmacie Isaure ( Le Mans);LE MANS;72100;234 RUE DE RUAUDIN;72;CO&PHARM
2939315091;FR_MA_61350 _ Mairie De Passais-Villages;Passais-villages;61350;2 place des Justes;61;PAS DE GROUPEMENT
2920116900;FR_PH_53350 _ Pharmacie Principale;BALLOTS;53350;9 RUE NATIONALE;53;PYXIS PHARMA
2920518333;FR_PH_35500 _ Pharmacie Du Mee;VITRE;35500;5 RUE DU MEE;35;PHR
2920116912;FR_PH_35270 _ Monsieur Christophe Gauthier;BONNEMAIN;35270;BOURG;35;RESEAU SANTE
2920141513;FR_PH_35300 _ Pharmacie De La Verrerie;FOUGERES;35300;16 AVENUE DE LA VERRERIE;35;RESEAU SANTE
2920116938;FR_PH_53600 _ Pharmacie Du Centre (Ã‰vron);EVRON;53600;9 PLACE DU PILORI;53;ALPHEGA
2920096454;Pharmacie Du Centre_DOL DE BRETAGNE_35120;DOL DE BRETAGNE;35120;BOULEVARD VICTOR PLANSON;35;APRIUM
2920116928;FR_PH_35680 _ Pharmacie Du Bourg Joly;LOUVIGNE DE BAIS;35680;26 A RUE DES FRERES AMYOT D INVILLE;35;RESEAU SANTE
2919674578;FR_PH_35111 _ Pharmacie Des Frenes;LA FRESNAIS;35111;1 COUR GOUJON;35;RESEAU SANTE
2920100569;FR_PH_35133 _ Pharmacie Theaud;BILLE;35133;1 RUE DE FOUGERES;35;CO&PHARM
2920518341;FR_PH_35200 _ Pharmacie De La Binquenais;RENNES;35200;32 BOULEVARD OSCAR LEROUX;35;GIROPHARM
2920116948;FR_PH_35340 _ Pharmacie La Bouexiere;LA BOUEXIERE;35340;27 RUE JEAN MARIE PAVY;35;PAS DE GROUPEMENT
2919281371;FR_PH_53260 _ Pharmacie Des Thermes;ENTRAMMES;53260;18 RUE DU MAINE;53;ALPHEGA
2919281375;FR_PH_53800 _ Pharmacie Dreno Heine;RENAZE;53800;1 RUE DU MARECHAL LECLERC;53;GIROPHARM
2920096492;FR_PH_57700 _ Pharmacie Ronsin;LE MANS;72100;4 RUE LOUISE MICHEL;72;PAS DE GROUPEMENT
2919281378;FR_PH_50110 _ Pharmacie De L Octroi;CHERBOURG EN COTENTIN;50110;13 RUE DU GENERAL LECLERC;50;APSARA
2920096491;FR_PH_72000 _ Pharmacie Charpentier;LONGUENESSE;72000;15 RUE DE LA LIBERATION;72;SOPROPHAR
2920092387;FR_PH_35000 _ Grande Pharmacie De Rennes;RENNES;35000;10 PLACE DU COLOMBIER;35;BOTICINAL
2920116988;FR_PH_35200 _ Pharmacie Du Cormier;RENNES;35200;42 RUE PAUL LANGEVIN;35;PHARMACTIV
2920518370;FR_PH_50100 _ Pharmacie Des Portes;CHERBOURG EN COTENTIN;50100;9 RUE DES PORTES;50;APSARA
2920153853;FR_PH_35190 _ Pharmacie des PÃ©piniÃ¨res;TINTENIAC;35190;CENTRE COMMERCIAL SUPER U;35;BRETAGNE SANTE REFERENCE
2920518368;FR_PH_53600 _ Pharmacie Renaud;EVRON;53600;7 RUE WILDESHAUSEN;53;PHARMACTIV
2920153845;FR_PH_50430 _ Phie Couetoux Du Tertre;LESSAY;50430;23 RUE LOUIS BEUVE;50;PHR
2919643949;FR_PH_35160 _ Pharmacie De La Cote;TALENSAC;35160;17 B RUE DE BREAL;35;GIPHAR
2920141600;FR_PH_72000 _ Pharmacie Gambetta;LE MANS;72000;95 RUE GAMBETTA;72;LAB'OFFICINE
2920518462;FR_PH_35560 _ Pharmacie Gabroy Roussel;VAL COUESNON;35560;1 RUE SAINT DENIS;35;RESEAU SANTE
2920117027;FR_PH_72150 _ Pharmacie Gaisnon;LE GRAND LUCE;72150;2 RUE DE L HOTEL DE VILLE;72;CO&PHARM
2919281460;FR_PH_72200 _ Pharmacie Effala;LA FLECHE;72200;;72;PAS DE GROUPEMENT
2919590704;FR_PH_72140 _ Pharmacie De Sille;SILLE LE GUILLAUME;72140;6 PLACE DE LA GARE;72;ALPHEGA
2919674672;FR_PH_72230 _ Pharmacie Granet Hunault;MONCE EN BELIN;72230;LA MASSONNIERE;72;PHARMAVIE
2920141621;FR_PH_35300 _ Monsieur Bertrand Denieul;FOUGERES;35300;8 RUE DE PARIS;35;PAS DE GROUPEMENT
2919643964;FR_PH_50140 _ Pharmacie De La Cance;MORTAIN BOCAGE;50140;39 GRANDE RUE;50;APSARA
2920117042;FR_PH_50210 _ Pharmacie Lamarche;CERISY LA SALLE;50210;4 RUE DES JUIFS;50;GIPHAR
2920117069;FR_PH_61430 _ Pharmacie Levy;ATHIS VAL DE ROUVRE;61430;25 RUE DES DEPORTES;61;APSARA
2920117070;FR_PH_50500 _ Pharmacie Du Marais;CARENTAN LES MARAIS;50500;100 RUE HOLGATE;50;PHR
2920117061;FR_PH_35530 _ Pharmacie Du Chene Joli;NOYAL SUR VILAINE;35530;5 AVENUE DU CHENE JOLI;35;PHARMACTIV
2920117057;FR_PH_61100 _ Pharmacie Le Secq Duval;ST GEORGES DES GROSEILLERS;61100;5 PLACE DU COMMERCE;61;ACT PHARMACIE
2920141660;FR_PH_35137 _ Pharmacie Dupont Kermel;BEDEE;35137;2 RUE DU LIEUTENANT LOUESSARD;35;CO&PHARM
2920141663;FR_PH_35370 _ Pharmacie Divet;LE PERTRE;35370;1 RUE DE LA POSTE;35;RESEAU SANTE
2939329106;FR_MA_72650 _ Mairie De La Milesse;la milesse;72650;1 rue des Jonquilles;72;PAS DE GROUPEMENT
2920117102;FR_PH_61200 _ Pharmacie Metayer;ARGENTAN;61200;;61;PAS DE GROUPEMENT
2919644012;FR_PH_35800 _ Pharmacie Mairie;DINARD;35800;3 PLACE DU GENERAL DE GAULLE;35;CO&PHARM
2920141665;FR_PH_35340 _ Pharmacie Duval Le Quellec;LA BOUEXIERE;35340;27 RUE JEAN MARIE PAVY;35;RESEAU SANTE
2919623528;FR_PH_35340 _ Pharmacie Bougeard Marcault;LIFFRE;35340;28 RUE DES FOUGERES;35;CO&PHARM
2920518525;FR_PH_35520 PHARMACIE DE MONTREUIL LE GAST;MONTREUIL LE GAST;35520;1 RUE DE LA BARBAIS;35;GIPHAR
2919644009;FR_PH_50130 _ Pharmacie Delaunoy;CHERBOURG EN COTENTIN;50130;103 RUE ROGER SALENGRO;50;PAS DE GROUPEMENT
2919674729;FR_PH_72100 _ Pharmacie Guillier Renard;LE MANS;72100;360 AVENUE FELIX GENESLAY;72;OBJECTIF PHARMA
2920117118;FR_PH_50390 _ Phie Pellet Barthelemy Renouf;ST SAUVEUR LE VICOMTE;50390;4 RUE BARBEY D AUREVILLY;50;PHR
2919281528;FR_PH_50570 _ Pharmacie Hameau;REMILLY LES MARAIS;50570;25 PLACE DES LAURISIENS;50;APSARA
2920141681;FR_PH_53000 _ Pharmacie Des Fourches;LAVAL;53000;2 RUE DU DOCTEUR ROUX;53;ALPHEGA
2920117107;FR_PH_50441 _ Pharmacie Le Hague Dike;BEAUMONT HAGUE CEDEX;50441;8 RUE DU MILLECENT;50;PYXIS PHARMA
2919281535;FR_PH_61600_Pharmacie D Hautvie (La FertÃ©-MacÃ©);LA FERTE MACE;61600;3 RUE D HAUTVIE;61;PHARMACTIV
2919281536;FR_PH_35500 _ Pharmacie Khounlaboud;ERBREE;35500;7 RUE D ANJOU;35;KATALYS
2920141704;FR_PH_72100 _ Pharmacie De Pontlieue;LE MANS;72100;4 PLACE ADRIEN TIRONNEAU;72;PARAPH
2920108939;FR_PH_35770 _ Pharmacie Batalla Bruneau;VERN SUR SEICHE;35770;1 RUE FRANCOIS RABELAIS;35;LEADER SANTE
2919281544;FR_PH_35310 _ Pharmacie De Broceliande;BREAL SOUS MONTFORT;35310;11 ROUTE DE GOVEN;35;CO&PHARM
2919644043;FR_PH_50460_Pharmacie de Querqueville;CHERBOURG EN COTENTIN;50460;118 RUE ROGER GLINEL;50;GIROPHARM
2919623573;FR_PH_50520 _ Pharmacie Bedel;JUVIGNY LES VALLEES;50520;5 RUE EUGENE DOLE;50;APOTHERA
2919281555;FR_PH_50000 _ Pharmacie De L Aurore;ST LO;50000;AVENUE DES SYCOMORES;50;PHARMACTIV
2919252886;FR_PH_35350 _ Pharmacie Des Ondes;ST MELOIR DES ONDES;35350;3 RUE DE LA BAIE;35;RESEAU SANTE
2919281559;FR_PH_35370 _ Pharmacie Leroyer;ARGENTRE DU PLESSIS;35370;11 RUE ALAIN D ARGENTRE;35;PAS DE GROUPEMENT
2920108949;FR_PH_50120 _ Pharmacie Auzou Jean-Guillaume;CHERBOURG EN COTENTIN;50120;1 RUE DU GENERAL DE GAULLE;50;PAS DE GROUPEMENT
2920117140;FR_PH_50350 _ Pharmacie Lefranc Leveque;DONVILLE LES BAINS;50350;178 ROUTE DE COUTANCES;50;PHR
2920108950;FR_PH_61270 _ Pharmacie Albine;AUBE;61270;96 ROUTE DE PARIS;61;PHR
2920117138;FR_PH_50640 _ Pharmacie Massin;LE TEILLEUL;50640;3 RUE GUILLAUME MOREL;50;PHARMODEL
2919629735;FR_PH_35470 _ Pharmacie Papet Morillon;BAIN DE BRETAGNE;35470;18 PLACE DE REPUBLIQUE;35;RESEAU SANTE
2919623591;FR_PH_50810 _ Pharmacie Bouillon;ST JEAN D ELLE;50810;LE BOURG;50;PHR
2919281576;FR_PH_72230 _ Pharmacie Le Boulanger;RUAUDIN;72230;55 RUE PRINCIPALE;72;COFISANTE
2919590829;FR_PH_35370 _ Pharmacie Le Garo;ETRELLES;35370;PLACE CHANOINE DELALANDE;35;BRETAGNE SANTE REFERENCE
2920141735;FR_PH_53100 _ Pharmacie Du Centre;MAYENNE;53100;275 RUE CHARLES DE GAULLE;53;CO&PHARM
2920108966;FR_PH_72450 _ Pharmacie Bellanger-Homo;MONTFORT LE GESNOIS;72450;17 RUE DU HARAS;72;PAS DE GROUPEMENT
2919629739;FR_PH_35000 _ Pharmacie Pont De Chateaudun;RENNES;35000;1 RUE DE CHATEAUDUN;35;PYXIS PHARMA
2919590826;FR_PH_53420 _ Pharmacie Penn;CHAILLAND;53420;2 RUE DE SAINT GERMAIN;53;PHR
2919623605;FR_PH_61000 _ Pharmacie De Lancrel;ALENCON;61000;16 PLACE DU CDT DANIEL DESMEULLES;61;PHARMACTIV
2919629751;FR_PH_35000 _ Pharmacie De La Vilaine;RENNES;35000;84 RUE ALPHONSE GUERIN;35;RESEAU SANTE
2920108988;FR_PH_53000 _ Pharmacie De La Tremoille;LAVAL;53000;4 PLACE DE LA TREMOILLE;53;PHARMACTIV
2920117183;FR_PH_72340 _ Nouvelle Pharmacie Principale;LA CHARTRE SUR LE LOIR;72340;1 PLACE DE LA LIBERTE;72;RESEAU SANTE
2919644083;FR_PH_61100 _ Pharmacie Xufre;FLERS;61100;4 PLACE DU MAL DE LATTRE DE TASSIGNY;61;LAB'OFFICINE
2919590834;FR_PH_53210 _ Pharmacie Coupeau;ARGENTRE;53210;12 PLACE DE L EGLISE;53;PHR
2919623614;FR_PH_72100 _ Monsieur Jean-Paul Caretti;LE MANS;72100;CENTRE CIAL DES SABLONS;72;EVOLUPHARM
2919281604;FR_PH_61190 _ Pharmacie Laforge;TOUROUVRE AU PERCHE;61190;6 ROUTE DE SAINTE ANNE;61;PAS DE GROUPEMENT
2919281607;FR_PH_35000_Pharmacie Beauregard;35000;35000;7 PLACE EUGENE AULNETTE 35000 RENNES;35;DEPHIE
2919674817;FR_PH_72000 _ Pharmacie Beauregard;LE MANS;72000;69 AVENUE DU 18 JUIN 1940;72;GROUPEMENT LAFAYETTE
2919629775;FR_PH_35133 _ Pharmacie Thebaud;ST GERMAIN EN COGLES;35133;30 RUE PRINCIPALE;35;APOTHERA
2919252938;FR_PH_35200 _ Pharmacie Bigot-Labbe;RENNES;35200;;35;EVOLUPHARM
2919623625;FR_PH_72310 _ Pharmacie Centrale;BESSE SUR BRAYE;72310;14 PLACE DE L HOTEL DE VILLE;72;RESEAU SANTE
4146082541;FR_PH_35830 _ Pharmacie Robert;BETTON;35830;13 RUE DE RENNES;35;RESEAU SANTE
2920109016;FR_PH_61800 _ Pharmacie Beaussier;TINCHEBRAY BOCAGE;61800;89 GRANDE RUE;61;NORMANDIE PHARMA
2919629777;FR_PH_61230 _ Pharmacie De Gace;GACE;61230;PLACE DE LA LIBERATION;61;GIPHAR
2919674842;FR_PH_35400 _ Pharmacie Centrale Servannaise;ST MALO;35400;31 RUE VILLE PEPIN;35;SYNERGIPHAR
2920109034;FR_PH_35510 _ Pharmacie Bouriel Salmon;CESSON SEVIGNE;35510;RUE DE LA RIGOURDIERE;35;OBJECTIF PHARMA
2920117226;FR_PH_50670 _ Pharmacie Rousseau;ST POIS;50670;30 GRANDE RUE;50;PYXIS PHARMA
2919281646;FR_PH_61800 _ Pharmacie Saint Remy;TINCHEBRAY BOCAGE;61800;62 GRANDE RUE;61;NORMANDIE PHARMA
2920109027;FR_PH_35560 _ Pharmacie Boillon-Le Deaut;BAZOUGES LA PEROUSE;35560;;35;PAS DE GROUPEMENT
2920117218;FR_PH_35700 _ Pharmacie Des Gayeulles;RENNES;35700;34 PL LUCIE & RAYMOND AUBRAC;35;CO&PHARM
2919629812;FR_PH_35000 _ Pharmacie De Nemours;RENNES;35000;7 RUE DE NEMOURS;35;APOTHERA
2919323659;FR_PH_50610 _ Pharmacie Littoral;JULLOUVILLE;50610;2 AVENUE DU DOCTEUR LEMONNIER;50;PHARMACTIV
2920116231;FR_PH_50680 _ Pharmacie De L Elle;ST CLAIR SUR L ELLE;50680;1 RUE DE LA LIBERATION;50;PAS DE GROUPEMENT
2920116230;FR_PH_61560 _ Pharmacie De L Hoene;BAZOCHES SUR HOENE;61560;16 PLACE DE L EGLISE;61;ALPHEGA
2920065024;FR_PH_72300 _ Pharmacie De Gastines;SABLE SUR SARTHE;72300;ROUTE DE LAVAL;72;GIPHAR
2920101889;FR_PH_53400 _ Pharmacie Paris;CRAON;53400;52 GRANDE RUE;53;RESEAU SANTE
2920517663;FR_PH_35400 _ Pharmacie Bellevue;ST MALO;35400;13 BOULEVARD LEONCE DEMALVILAIN;35;RESEAU SANTE
2919323665;FR_PH_50170 _ Pharmacie Du Couesnon;PONTORSON;50170;44 RUE COUESNON;50;PHARMACTIV
2919323669;FR_PH_35130 _ Pharmacie Des Fontaines;LA GUERCHE DE BRETAGNE;35130;1 RUE DU DOCTEUR EMMANUEL PONTAIS;35;RESEAU SANTE
2920116249;FR_PH_35540 _ Pharmacie Prudhomme Ferron;PLERGUER;35540;3 RUE LIBERATION;35;CO&PHARM
2920091672;FR_PH_35200 _ Pharmacie Anne Ferec;RENNES;35200;2 RUE DE SUISSE;35;PHARMACTIV
2919624722;FR_PH_72650 _ Pharmacie De La Milesse;LA MILESSE;72650;1 ROUTE DU MANS;72;PHARMAVIE
4835335724;FR_PH_35700 _ Ordre Pharmaciens;RENNES;35700;31 RUE JEAN GUEHENNO;35;PAS DE GROUPEMENT
2920517642;FR_PH_72290 _ Pharmacie Bazoge-Ferran (Ballon);BALLON ST MARS;72290;9 PLACE DE LA REPUBLIQUE;72;PHARMACORP
2920091665;FR_PH_35700 _ Pharmacie Du Progres;RENNES;35700;5 RUE D ANTRAIN;35;PHARMACTIV
2920579080;FR_PH_53000 _ Pharmacie De La Basilique;LAVAL;53000;13 PLACE D AVESNIERES;53;PYXIS PHARMA
2920101907;FR_PH_53100 _ Pharmacie Du Pole;MAYENNE;53100;7 PLACE DE L'EUROPE;53;CO&PHARM
2919589914;FR_PH_35230 _ Pharmacie Le Cloerec;ST ERBLON;35230;21 PLACE DE L EGLISE;35;GIPHAR
2920560651;FR_PH_50230 _ Pharmacie De L Estran;AGON COUTAINVILLE;50230;4 AVENUE DES ANCIENS DE LA 2EME D B;50;KATALYS
2919634983;FR_PH_72000 _ Pharmacie Carnot;LE MANS;72000;195 BOULEVARD CARNOT;72;OBJECTIF PHARMA
2919266338;FR_PH_61420 _ Pharmacie De L Etansiau;ST DENIS SUR SARTHON;61420;42 RUE PRINCIPALE;61;PYXIS PHARMA
2920517684;FR_PH_72270 _ Pharmacie Bignon;VILLAINES SOUS MALICORNE;72270;PLACE DE L EGLISE;72;PAS DE GROUPEMENT
2920073255;FR_PH_72000 _ Pharmacie Wachowiak;LE MANS;72000;4 RUE NATIONALE;72;PHR
2920517694;FR_PH_35760 _ Pharmacie Coatmelec Chomette;ST GREGOIRE;35760;22 RUE DU CHAMP MARQUE;35;GIPHAR
2920579108;FR_PH_72000 _ Pharmacie De Gazonfier;LE MANS;72000;20 RUE MARCEL PROUST;72;PHARMODEL
2920579111;FR_PH_35600 _ Pharmacie Barbin;REDON;35600;2 QUAI ROBERT SURCOUF;35;GIROPHARM
2919624753;FR_PH_72500 _ Pharmacie Du Centre;MONTVAL SUR LOIR;72500;2 PLACE LEMONNIER;72;KATALYS
2920560686;FR_PH_35600 _ Pharmacie Du Cap Nord;REDON;35600;6 RUE LOUIS GUILLOUX;35;PAS DE GROUPEMENT
2919266363;FR_PH_53500 _ Pharmacie Des Tilleuls;ST DENIS DE GASTINES;53500;7 PLACE DES TILLEULS;53;GIPHAR
2920116273;FR_PH_50880 _ Pharmacie Des Bords De Vire;PONT HEBERT;50880;6 RUE DES JUIFS;50;GIPHAR
2919266365;FR_PH_61100_Pharmacie Saint Michel;FLERS;61100;;61;PHR
2919635000;FR_PH_53120 _ Pharmacie De La Colmont;GORRON;53120;1 PLACE DU CHAMP DE FOIRE;53;PHR
2920517676;FR_PH_61000 _ Pharmacie Bresson;ALENCON;61000;75 GRANDE RUE;61;GIPHAR
2919589956;FR_PH_61250 _ Pharmacie Pouillard;ECOUVES;61250;PLACE YVES LEBERT;61;COFISANTE
2920065101;FR_PH_72500 _ Pharmacie Du ChÃªne Vert (Montval-sur-Loir);MONTVAL SUR LOIR;72500;ZONE D ACTIVITE LE CHENE VERT;72;DEPI LE CARTEL
2920560726;FR_PH_35300 _ Pharmacie De L Europe;FOUGERES;35300;5 RUE POULLET;35;BRETAGNE SANTE REFERENCE
2920091726;FR_PH_50660 _ Pharmacie De Lingremairie;TOURNEVILLE SUR MER;50660;32 PLACE DU MARCHE;50;PHR
2920116297;FR_PH_53000 _ Pharmacie Des Cordeliers;LAVAL;53000;35 RUE DU GENERAL DE GAULLE;53;GIPHAR
2920091720;FR_PH_50100 _ Pharmacie Du Centre;CHERBOURG EN COTENTIN;50100;25 RUE ALBERT MAHIEU;50;PAS DE GROUPEMENT
2920536150;FR_PH_72200 _ La Grande Pharmacie Flechoise;LA FLECHE;72200;7 RUE HENRI DUNANT - CCIAL;72;CO&PHARM
4146088293;FR_PH_35800 _ Pharmacie De La Cote D Emeraude;DINARD;35800;40 RUE GARDINER;35;CO&PHARM
2919632961;FR_PH_35000 _ Opportunite Sans Nom;CHATEL DE NEUVRE;35000;;35;PAS DE GROUPEMENT
2919635009;FR_PH_72100_Pharmacie De La Pointe des Batignolles;LE MANS;72100;168 RUE D ARNAGE;72;LAB'OFFICINE
2920116295;FR_PH_72250 _ Pharmacie De Parigne;PARIGNE L EVEQUE;72250;ZA DU RUISSEAU;72;CO&PHARM
2919635018;FR_PH_53500 _ Pharmacie Thouret (ErnÃ©e);ERNEE;53500;12 PLACE THIERS;53;ACT PHARMACIE
2920065088;FR_PH_72300 _ Pharmacie Du Prieure;AUVERS LE HAMON;72300;7 RUE DE SABLE;72;RESEAU SANTE
2919635017;FR_PH_35730 _ Pharmacie Du Fremur (Pleurtuit);PLEURTUIT;35730;ZAC DE L AEROPORT;35;BSR
2919589972;FR_PH_50160 _ Pharmacie Percy;TORIGNY LES VILLES;50160;21 RUE DE LA REPUBLIQUE;50;PAS DE GROUPEMENT
2919643223;FR_PH_35400 _ Madame Catherine Quernec;SAINT MALO;35400;1 RUE AUGUSTE RENOIR;35;CO&PHARM
2920560704;FR_PH_35240 _ Doni Fombi;MARCILLE ROBERT;35240;14 GRANDE RUE;35;PAS DE GROUPEMENT
2920116314;FR_PH_50100 _ Pharmacie Du Maupas;CHERBOURG EN COTENTIN;50100;AVENUE DE BREMERHAVEN;50;ALPHEGA
2919635038;FR_PH_72100 _ Pharmacie Du Viaduc;LE MANS;72100;72 AVENUE JEAN JAURES;72;LAB'OFFICINE
2920065108;FR_PH_53230 _ Pharmacie De L Hotel De Mairie;COSSE LE VIVIEN;53230;20 RUE DE NANTES;53;PHARMACTIV
2919266393;FR_PH_72700 _ Pharmacie des Hautes Metairies;ALLONNES;72700;CCIAL HAUTES METAIRIES;72;CO&PHARM
2920536138;FR_PH_72200 _ Pharmacie Du Loir;BAZOUGES SUR LE LOIR;72200;2 RUE D'ANJOU;72;CO&PHARM
2920560719;FR_PH_72800 _ Pharmacie Chauvat Aubiphar;AUBIGNE RACAN;72800;16 PLACE DE L'EGLISE;72;CO&PHARM
2920116306;FR_PH_72470 _ Pharmacie Des Lances;CHAMPAGNE;72470;3 RUE LEOPOLD GOULOUMES;72;CO&PHARM
2920116329;FR_PH_50240 _ Pharmacie Des Estuaires;ST JAMES;50240;ZONE ARTISANALE BEAUFOUR;50;APSARA
2920560753;FR_PH_35133 _ Pharmacie La Chapelle Janson;LA CHAPELLE JANSON;35133;2 PLACE DE LA MAIRIE;35;RESEAU SANTE
2920560755;FR_PH_72000 _ Pharmacie Daligault;LE MANS;72000;27 RUE NATIONALE;72;ARTISANT SANTE
2920091748;FR_PH_35000 _ Pharmacie Remy;RENNES;35000;;35;MEDEXACT
2920091747;FR_PH_61130 _ Pharmacie Lhopitallier;ST GERMAIN DE LA COUDRE;61130;14 PLACE PIERRE VEAU;61;PAS DE GROUPEMENT
2920091774;FR_PH_50110 _ Pharmacie Vasselin;CHERBOURG EN COTENTIN;50110;RUE DU GRAND PRE;50;APSARA
2920073338;FR_PH_72000 _ Pharmacie De Paris;LE MANS;72000;30 RUE DE BOLTON;72;EVOLUPHARM
2920065142;FR_PH_72000 _ Pharmacie Heuze (Le Mans);LE MANS;72000;182 AVENUE OLIVIER HEUZE;72;PHR
2919590008;FR_PH_53700 _ Pharmacie Des Ruisseaux;VILLAINES LA JUHEL;53700;17 RUE SAINT NICOLAS;53;RESEAU SANTE
2920091763;FR_PH_72300 _ Pharmacie De Precigne;PRECIGNE;72300;15 RUE EMILE PENEAUD;72;PHR
2920116338;FR_PH_50000 _ Pharmacie Du Champ De Mars;ST LO;50000;4 RUE DOCTEUR LETURC;50;SIMPLY PHARMA
2920517776;FR_PH_35360 _ Pharmacie Rouault;MONTAUBAN DE BRETAGNE;35360;25 AV GENERAL DE GAULLE;35;CO&PHARM
2920540304;FR_PH_50530 _ Pharmacie De La Baie;SARTILLY BAIE BOCAGE;50530;81 GRANDE RUE;50;SYMPLY PHARMA
2919252979;FR_PH_53940 _ Pharmacie Bouriel Pivert;LE GENEST ST ISLE;53940;PLACE DES COMMERCES;53;GIPHAR
2919281651;FR_PH_50800 _ Pharmacie Rigauleau;VILLEDIEU LES POELES ROUFFIGNY;50800;20 PLACE DE LA REPUBLIQUE;50;GIROPHARM
2920117246;FR_PH_50470 _ Pharmacie Montmartre;CHERBOURG EN COTENTIN;50470;10 RUE SAINT EXUPERY;50;APSARA
2920117242;FR_PH_35230 _ Pharmacie Sertin;BOURGBARRE;35230;PONT DU GUE;35;RESEAU SANTE
2919623677;FR_PH_61700 _ Pharmacie De L Abbaye;LONLAY L ABBAYE;61700;1 PLACE JULES LEVEE;61;PYXIS PHARMA
2919629822;FR_PH_35000 _ Pharmacie Nguyen;RENNES;35000;46 RUE JULES LALLEMAND;35;PYXIS PHARMA
4146082524;FR_PH_35000 _ Selarl Bachy;RENNES;35200;RUE JULES VALLES CCIAL CLEUNAY;35;CO&PHARM
2919281662;FR_PH_53000 _ Pharmacie Saint Michel;LAVAL;53000;61 BOULEVARD FELIX GRAT;53;PAS DE GROUPEMENT
2919623675;FR_PH_50370 _ Pharmacie De La See;BRECEY;50370;10 RUE DES PELERINS;50;NORMANDIE PHARMA
2920117235;FR_PH_72700 _ Pharmacie St Georges Du Bois;ST GEORGES DU BOIS;72700;2 COUR JACQUES MONOD;72;LAB'OFFICINE
2920116493;FR_PH_50800 _ Pharmacie Hardel;VILLEDIEU LES POELES ROUFFIGNY;50800;4 RUE GAMBETTA;50;PHR
2919266563;FR_PH_35240 _ Pharmacie Lanoe;RETIERS;35240;9 PLACE SAINT PIERRE;35;CO&PHARM
2919266565;FR_PH_61140 _ Pharmacie De La Madeleine;BAGNOLES DE L ORNE NORMANDIE;61140;7 AVENUE DU DOCTEUR PIERRE NOAL;61;OBJECTIF PHARMA
2920517910;FR_PH_50130 _ Pharmacie Des Provinces;CHERBOURG EN COTENTIN;50130;AVENUE DE NORMANDIE;50;TOTUM
2919266567;FR_PH_35760 _ Pharmacie Grand Quartier;ST GREGOIRE;35760;ROUTE DE SAINT MALO;35;CEIDO
2920536349;FR_PH_72260 _ Pharmacie De Marolles;MAROLLES LES BRAULTS;72260;7 PLACE DES TILLEULS;72;RESEAU SANTE
2920540445;FR_PH_35120 _ Pharmacie Rehel;DOL DE BRETAGNE;35120;1 RUE DU DOCTEUR GRINGOIRE;35;CEIDO
2920065308;FR_PH_72530 _ Pharmacie D Yvre L Eveque;YVRE L EVEQUE;72530;7 RUE DE TOURAINE;72;ALPHEGA
2920116505;FR_PH_50000 _ Pharmacie Moinard;ST LO;50000;CHEMIN DU BOIS JUGAN;50;LES PHARMACIENS REUNIS
2920556801;FR_PH_35760 _ Pharmacie de Montgermont;MONTGERMONT;35760;PLACE JANE BEUSNEL;35;NORMANDIE PHARMA
2920091931;FR_PH_53000 _ Pharmacie Du Theatre;LAVAL;53000;53 RUE DE LA PAIX;53;QUARTZ
2920517893;FR_PH_35400 _ Pharmacie De L Esperance;ST MALO;35400;86 AVENUE ARISTIDE BRIAND;35;GIPHAR
2920540426;FR_PH_72540 _ Pharmacie Valentin;LOUE;72540;4 PLACE GERMAIN PILON;72;PYXIS PHARMA
2919624991;FR_PH_72510_Pharmacie De Pontvallain;PONTVALLAIN;72510;30-32 RUE DU 11 NOVEMBRE;72;CO&PHARM
2920116497;FR_PH_61000 _ Pharmacie Mauger;ST GERMAIN DU CORBEIS;61000;1 RUE DU PRE DE LA FUIE;61;PYXIS PHARMA
2920540431;FR_PH_50490 _ Pharmacie Saint Sauveraise;ST SAUVEUR VILLAGES;50490;1 RUE GENERAL BRADLEY;50;NORMANDIE PHARMA
2920091920;FR_PH_50390 _ Pharmacie Barthelemy;ST SAUVEUR LE VICOMTE;50390;PLACE ERNEST LEGRAND;50;PHARMAVIE
2920116527;FR_PH_35136 _ Pharmacie De L Aeroport;ST JACQUES DE LA LANDE;35136;6 PLACE JULES VALLES;35;DEPHIE
2920540474;FR_PH_53600 _ Pharmacie De La Fontaine (Ã‰vron);EVRON;53600;8 RUE DE LA FONTAINE;53;PHARMACTIV
2920540479;FR_PH_53000 _ Pharmacie Saint Nicolas;LAVAL;53000;4 RUE MYRIAM LEPERT GIRAUD;53;UNIVERS PHARMACIE
15019739152;FR_PH_72220_Pharmacie MARTIN TOUTIN;TELOCHE;72220;10 RUE DU 8 MAI;72;PYXIS PHARMA
2920096035;FR_PH_35200 _ Pharmacie Du Centre Alma;RENNES;35200;RUE DU BOSPHORE;35;PHARMABEST
2920091965;FR_PH_72120 _ Pharmacie de l'Anille;SAINT CALAIS;72120;8 PL DE L HOTEL DE VILLE;72;CO&PHARM
2920116533;FR_PH_50260 _ Pharmacie Portier - Pierratte;BRICQUEBEC EN COTENTIN;50260;6 RUE PAUL PHILIPPE;50;GIRO PROVENCE CP 30
2920091952;FR_PH_35400 _ Pharmacie De La Decouverte;ST MALO;35400;39 RUE DU PEROU;35;GROUPEMENT LAFAYETTE
2920065356;FR_PH_61500 _ Pharmacie Fourtier;CANNES LA BOCCA;61500;121 AVENUE MICHEL JOURDAN;61;PUC PHARMA 
4146083945;FR_PH_35700 _ Pharmacie Des Longs Champs;RENNES;35700;8 ALLEE MORVAN LEBESQUE;35;PHARMACIE COS
2919655756;FR_PH_35000 _ Pharmacie Amblard;ST POURCAIN SUR SIOULE;35000;53 ROUTE DE MONTMARAULT;35;PHARMAVIE
2920065160;FR_PH_72310 _ Monsieur Herve Legros;BESSE SUR BRAYE;72310;12 RUE EMILE ZOLA;72;PAS DE GROUPEMENT
2920517783;FR_PH_53000 _ Pharmacie De La Prefecture;LAVAL;53000;11 PLACE JEAN MOULIN;53;UNIVERS PHARMACIE
2920091786;FR_PH_35000 _ Pharmacie Salmon;RENNES;35000;34 AVENUE SIR WINSTON CHURCHILL;35;ALPHEGA
2919635085;FR_PH_72110 _ Pharmacie De Saint Cosme;ST COSME EN VAIRAIS;72110;39 RUE NATIONALE;72;PHR
2920116358;FR_PH_50200 _ Pharmacie Du Pont De Soulles;COUTANCES;50200;50 RUE DU PONT DE SOULLES;50;GIROPHARM
4789963536;FR_PH_50490 _ Leconte Stephanie;ST SAUVEUR VILLAGES;50490;1 RUE GENERAL BRADLEY;50;NORMANDIE PHARMA
2920116376;FR_PH_50500 _ Pharmacie Holat Alain;TERRE ET MARAIS;50500;LE BOURG SAINTENY;50;PAS DE GROUPEMENT
11462022564;FR_PH_53000_Pharmacie du Palais - Weymel;LAVAL;53000;1 RUE CHARLES LANDELLE;53;PHARM O'NATUREL
2920517775;FR_PH_61100 _ Pharmacie Centrale (Baudon Colin);FLERS;61100;9 PLACE DU GENERAL DE GAULLE;61;LAB'OFFICINE
2920065170;FR_PH_61300 _ Pharmacie Du Cours;GRASSE;61300;1 BOULEVARD VICTOR HUGO;61;PUC PHARMA 
2920536246;FR_PH_72300 _ Pharmacie Brianceau;LA CHAPELLE D ALIGNE;72300;22 AV DU POIRIER ROUGE;72;CO&PHARM
2920065188;FR_PH_72000 _ Pharmacie Hemont;LE MANS;72000;7 RUE D HELSINKI;72;GIPHAR
2920116389;FR_PH_53240 _ Pharmacie Gore-Renais;ANDOUILLE;53240;;53;PAS DE GROUPEMENT
2920116388;FR_PH_61200 _ Pharmacie Du Forum (Argentan);ARGENTAN;61200;3 RUE DE CHAMPAGNE;61;SRA LH PHARMA
2920116386;FR_PH_35800 _ Pharmacie Galivel;DINARD;35800;PLACE ROCHAID;35;GIPHAR
2920100025;FR_PH_72330 _ Pharmacie Leroyer Bricault;CERANS FOULLETOURTE;72330;78 RUE NATIONALE;72;TOTUM
2920581282;FR_PH_53000 _ Sarl Pharmacie De La Mayenne;MAYENNE;53100;22 RUE DU SERGENT LOUVRIER;53;RESEAU SANTE
2920116405;FR_PH_61270 _ Pharmacie Gaulard;LES ASPRES;61270;11 RUE DU VIEUX CHATEAU;61;APOTHERA
2920065230;FR_PH_53970 _ Pharmacie De L Huisserie;L HUISSERIE;53970;20 PLACE DE L EGLISE;53;PAS DE GROUPEMENT
2920116417;FR_PH_35650 _ Pharmacie Du Centre;LE RHEU;35650;1 TER RUE DE CINTRÃ‰;35;CO&PHARM
4789967694;FR_PH_53950 _ Pharmaciea  Bouvet;LOUVERNE;53950;PLACE SAINT MARTIN;53;PLATINUM
2919590100;FR_PH_61570 _ Pharmacie Dagonneau;BOUCE;61570;5 RUE DE VERDUN;61;OBJECTIF PHARMA
2920065242;FR_PH_72190 _ Pharmacie De Sarge Les Le Mans;SARGE LES LE MANS;72190;2 ALLEE DU COMMERCE;72;GIPHAR
3878111741;FR_PH_61100 _ Flers Pharma;FLERS;61100;93 RUE DE LA CHAUSSEE;61;PHARMACIE COS
2919590110;FR_PH_35460 _ Pharmacie Des Estuaires;MAEN ROCH;35460;64 RUE CHARLES DE GAULLE;35;RESEAU SANTE
2920116432;FR_PH_35170 _ Pharmacie Hoa Le Quang;BRUZ;35170;1 RUE DU PETIT BE;35;CO&PHARM
2920116435;FR_PH_72700 _ Pharmacie de l Avenue_Besnard;ALLONNES;72700;44 AV CHARLES DE GAULLE;72;CO&PHARM
2920536269;FR_PH_50000 _ Pharmacie Saint Laud;ST LO;50000;7 PLACE DU GENERAL DE GAULLE;50;APSARA
2919590117;FR_PH_61160 _ Pharmacie Du Canada;TRUN;61160;45 RUE DE LA REPUBLIQUE;61;LAB'OFFICINE
2920517879;FR_PH_53170 _ Pharmacie Des Grands Jardins;MESLAY DU MAINE;53170;1 ESPLANADE DES GRANDS JARDINS;53;PHARMACTIV
2920517876;FR_PH_50110 _ Pharmacie Des Flamands;CHERBOURG EN COTENTIN;50110;9 RUE DU 8 MAI 1945;50;APSARA
2919590125;FR_PH_35000 _ Selarl Pharmacie;RENNES;35000;33 COURS PDT J FITZGERALD KENNEDY;35;LEADER SANTE
2919590127;FR_PH_35000 _ Pharmacie Saint Cyr;RENNES;35000;25 RUE DE BREST;35;PHARMACTIV
2920517880;FR_PH_50130 _ Pharmacie Des Fourches;CHERBOURG EN COTENTIN;50120;2 RUE DU DOCTEUR ROUX;50;EVOLUPHARM
2920073440;FR_PH_72650 _ Pharmacie Denet;LA CHAPELLE ST AUBIN;72650;35 RUE DE L EUROPE;72;PHR
2919590135;FR_PH_61550 _ Pharmacie De La Ferte;LA FERTE EN OUCHE;61550;16 GRANDE RUE;61;PYXIS PHARMA
2920102133;FR_PH_53410 _ Pharmacie Johan (53410);LE BOURGNEUF LA FORET;53410;36 RUE DU HAUT BEAUVAIS;53;KATALYS
2920517870;FR_PH_50120 _ Pharmacie Blondel Lemarechal;CHERBOURG EN COTENTIN;50120;175 RUE DE LA PAIX;50;PHR
2920091891;FR_PH_72200 _ Pharmacie De La Dauversiere;LA FLECHE;72200;75 RUE DE LA DAUVERSIERE;72;PHARMAVIE
2920116614;FR_PH_35133 _ Pharmacie Sombat Saphay;ROMAGNE;35133;28 RUE NATIONALE;35;PYXIS PHARMA
2920102275;FR_PH_53480 _ Adam 53;vaiges;53480;;53;PAS DE GROUPEMENT
2920116639;FR_PH_35000 _ Pharmacieaa  Gautier;IRODOUER;35850;1 PLACE ST MICHEL;35;PHARMACTIV
2920536449;FR_PH_53940 _ Pharmacie Jurion;ST BERTHEVIN;53940;74 AV DE LA LIBERATION;53;CO&PHARM
2920116635;FR_PH_50460 _ Pharmacie Truong;LA HAGUE;50460;167 RUE SAINT LAURENT;50;PHR
2920518024;FR_PH_61700 _ Pharmacie Gore Goger;DOMFRONT EN POIRAIE;61700;9 RUE SAINT JULIEN;61;PHR
2920540557;FR_PH_35600 _ Pharmacie Grandin;BAINS SUR OUST;35600;8 RUE DE LA POSTE;35;APOTHERA
2920102319;FR_PH_50560 _ Pharmacie Du Senequet;GOUVILLE SUR MER;50560;RUE DU LITTORAL;50;NORMANDIE PHARMA
2920540598;FR_PH_50000 _ Pharmacie Du Val Saint Jean;ST LO;50000;AVENUE DES TILLEULS;50;GIROPHARM
2920536510;FR_PH_35460 _ Pharmacie Du Coglais;MAEN ROCH;35460;3 RUE DE FOUGERES;35;PHARMACTIV
2920102332;FR_PH_35400 _ Pharmacie Centre Cial De La Decouverte;ST MALO;35400;CENTRE COMMERCIAL DE LA DECOUVERTE;35;BRETAGNE SANTE REFERENCE
2920518050;FR_PH_61700 _ Pharmacie Kranzlin Geslain;DOMFRONT EN POIRAIE;61700;12 RUE DU MARECHAL FOCH;61;ALPHEGA
2920092091;FR_PH_72610 _ Pharmacie D Arconnay;ARCONNAY;72610;1 PLACE DU 8 MAI 1945;72;PHARMACTIV
2920518052;FR_PH_61260 _ Pharmacie De Ceton;CETON;61260;19 RUE THEIL;61;CO&PHARM
2920065460;FR_PH_53200 _ Propharmacie Madame Mercan Aline Cabinet Medical;LA GRAVE;53200;;53;PAS DE GROUPEMENT
2920102326;FR_PH_72000 _ Pharmacie Langevin-Raguideau;LE MANS;72000;2 RUE VOLTAIRE;72;PAS DE GROUPEMENT
2920518101;FR_PH_50200 _ Pharmacie Centrale;COUTANCES;50200;18 RUE TANCREDE;50;PHARMAVIE
2920116682;FR_PH_35000 _ Pharmacie Du Verger;RENNES;35000;59 RUE SAINT HELIER;35;P&P
2919266635;FR_PH_35000 _ Pharmacie Notre Dame;RENNES;35000;13 RUE HOCHE;35;CO&PHARM
2919266636;FR_PH_61600_Pharmacie Centrale Fertoise;lonlay l abbaye;61700;9 PLACE DU GENERAL LECLERC;61;PHR
2920518109;FR_PH_61300 _ Pharmacie Lemanissier;L AIGLE;61300;9 RUE DE BEC HAM;61;PHARMACTIV
4789443254;FR_PH_53170 _ Guillotin Prod Homme Gaboriau;MESLAY DU MAINE;53170;1 ESPLANADE DES GRANDS JARDINS;53;PHARMACTIV
2919266640;FR_PH_35400 _ Pharmacie De Rocabey;ST MALO;35400;13 BOULEVARD DE LA REPUBLIQUE;35;GIPHAR
2920518083;FR_PH_35800 _ Pharmacie Du Centre;SAINT BRIAC SUR MER;35800;1 RUE DES PREAUX;35;CO&PHARM
4789443244;FR_PH_61100 _ Colin Bastien;FLERS;61100;22 RUE DE PARIS;61;LAB'OFFICINE
2920116564;FR_PH_53110 _ Pharmacie Rauline;LASSAY LES CHATEAUX;53110;7 GRANDE RUE;53;PHR
2920540618;FR_PH_72650 _ Pharmacie Vaillant;LA BAZOGE;72650;31 AVENUE NATIONALE;72;COTE PHARMA
2919590235;FR_PH_50100 _ Pharmacie Des Eleis;CHERBOURG EN COTENTIN;50100;QUAI DE L ENTREPOT;50;COFISANTE
2920096082;FR_PH_53100 _ Pharmacie Le Borgne;MAYENNE;53100;7 BD GENERAL LECLERC;53;CO&PHARM
2920116562;FR_PH_35800 _ Pharmacie De Saint Lunaire;ST LUNAIRE;35800;15 RUE DE L ANCIEN MARCHE;35;RESEAU SANTE
2920065388;FR_PH_72110 _ Pharmacie De L Avenir (BonnÃ©table);BONNETABLE;72110;11 RUE DU MARECHAL JOFFRE;72;PYXIS PHARMA
2920102253;FR_PH_50320 _ Pharmacie Gendrin;la lucerne d outremer;50320;CENTRE COMMERCIAL SAINT MICHEL;50;APOTHERA
2920065516;FR_PH_35400 _ Pharmacie Des Thermes;ST MALO;35400;55 AVENUE PASTEUR;35;TOTUM
2920518130;FR_PH_50700 _ Pharmacie D Alauna;VALOGNES;50700;13 RUE DES RELIGIEUSES;50;APSARA
2919590375;FR_PH_61340 _ Pharmacie Des Collines;PERCHE EN NOCE;61340;40 RUE DU GENERAL JOUVIN;61;COALIA UPP
2920540657;FR_PH_35600 _ Pharmacie Montagut;REDON;35600;14 RUE VICTOR HUGO;35;PAS DE GROUPEMENT
2920065519;FR_PH_60000_Pharmacie de Marissel;beauvais;77220;19 BOULEVARD ARISTIDE BRIAND;35;PHARMAVIE
4789443217;FR_PH_72000 _ Joffe Et Rousseau;LE MANS;72000;80 B AVENUE RUBILLARD;72;CO&PHARM
2919590382;FR_PH_72150 _ Pharmacie Bracquemond;COURDEMANCHE;72150;10 RUE BEAUREGARD;72;CO&PHARM
2920102369;FR_PH_72370 _ Pharmacie Du Breil;LE BREIL SUR MERIZE;72370;3 RUE DU DAUPHIN;72;RESEAU SANTE
4146083920;FR_PH_72230 Mulsanne _ Pharmacie Flotte Couilleaux;MULSANNE;72230;PLACE JEAN MOULIN;72;GIPHAR
2919590260;FR_PH_61270 _ Pharmacie Prog Rai;RAI;61270;RUE PIERRE QUENTIN;61;PHR
2919375345;FR_PH_72100 _ Pharmacie de l Epau;LE MANS;72100;74 RUE DE L ESTEREL;72;CO&PHARM
2919625074;FR_PH_61600 _ Pharmacie Du Cap D Antibes;JUAN LES PINS;61600;85 BOULEVARD FRANCIS MEILLAND;61;APP SUD
2920536420;FR_PH_72130 _ Pharmacie Centrale;FRESNAY SUR SARTHE;72130;46 GRANDE RUE;72;PYXIS PHARMA
2920065531;FR_PH_35000 _ Pharmacie Saint Helier;RENNES;35000;125 RUE SAINT HELIER;35;ACT PHARMACIE
4145174632;FR_PH_35460 _ Pharmacie Jezequel;MAEN ROCH;35460;3 RUE PASTEUR;35;RESEAU SANTE
2920518126;FR_PH_35170 _ Pharmacie Mercier;BRUZ;35170;8 SQUARE BALAVOINE;35;PAS DE GROUPEMENT
2920536429;FR_PH_53960 _ Pharmacie Des Angenoises;BONCHAMP LES LAVAL;53960;32 RUE DU MAINE;53;RESEAU SANTE
